channel,freq,C1,C2,testcase1,testcase2,testcase3,testcase4,testcase5,testcase6,testcase7,testcase8,testcase9,testcase10,testcase11,testcase12,testcase13,testcase14,testcase15,testcase16,testcase17,testcase18,testcase19,testcase20,testcase21,testcase22,testcase23,testcase24,testcase25,testcase26,testcase27
F3,9,1,2,1.181664,1.135582,1.234807,1.501427,1.640259,2.196714,1.505447,1.233681,2.253888,1.831192,1.975373,1.033862,0.694390,1.447756,0.937795,1.603558,1.278798,0.639069,1.159447,1.557427,1.672319,1.747696,0.669092,0.888524,0.714151,1.585437,1.259041
F3,10,1,2,1.011202,1.176022,1.110939,1.386148,1.105450,1.439235,1.564030,1.517380,2.321619,2.598351,1.495486,1.351570,0.490692,1.242248,1.051995,1.439521,1.523352,0.608247,1.321458,1.222525,1.743466,1.802463,0.693499,1.230643,0.764977,1.423974,1.469400
F3,11,1,2,0.852987,1.096148,1.422551,1.132307,1.338759,1.776399,1.789194,1.496751,3.839782,3.313963,1.435134,1.439948,0.410267,0.877043,1.006227,1.259824,1.355385,0.461502,1.733648,1.561105,2.945519,1.895035,0.490667,0.954985,0.571884,1.497949,1.549552
F3,14,1,2,1.343189,0.996456,0.983516,1.121513,1.252066,1.800311,1.445237,0.994487,1.503260,1.781763,1.545436,1.204211,0.791625,0.974277,0.768274,1.109234,1.212947,0.737883,1.811471,1.725051,1.329953,1.540528,0.628557,0.952563,0.732709,1.488037,1.447030
F3,19,1,2,0.943310,1.248079,1.173665,1.041035,1.368866,1.605676,1.080946,1.194317,1.404024,1.484230,1.545538,1.251157,0.866104,1.039154,0.903782,0.976364,1.267137,0.775787,1.718795,1.622732,1.471395,1.039113,0.771849,0.847505,0.708300,0.940757,1.204911
F3,24,1,2,0.995981,0.899585,1.618496,1.193961,1.337064,1.679044,1.373829,1.081190,2.502810,1.839001,1.992719,1.068423,0.666284,0.801476,1.075160,0.958124,1.423351,0.640729,1.581454,1.735226,1.472276,1.338265,0.726106,0.882521,0.568347,1.171416,1.588572
F3,28,1,2,0.963979,1.138562,0.977604,1.448277,1.215211,1.529822,1.113224,1.168211,2.536296,1.804841,1.667470,1.102811,0.527951,1.103500,0.989752,1.048287,1.169223,0.676633,1.575541,1.662061,2.242918,1.891034,0.645725,0.946463,0.777852,1.425445,1.340675
F3,29,1,2,0.857227,1.011174,1.018976,1.111514,1.629417,1.780292,1.495276,1.348195,3.163583,1.871763,1.466614,1.036891,0.675396,0.836435,0.917302,1.344347,1.530148,0.516655,1.851800,1.821454,2.067842,1.488959,0.644051,1.105465,0.500473,1.058918,1.201814
F3,52,1,2,0.881325,1.024775,2.706276,1.367588,1.364748,1.935247,1.283523,1.146296,3.512564,2.158442,2.149282,0.866521,0.544914,0.750696,0.905925,1.142654,1.660273,0.622259,2.300609,2.275777,2.033527,1.584752,0.530442,0.979861,0.458352,1.392415,1.290287
F3,57,1,2,0.889305,1.105031,2.378819,1.272015,1.368906,1.985326,1.347030,1.140653,3.198221,1.918410,2.155822,0.789789,0.539002,0.740126,0.994963,1.057423,1.734523,0.641666,2.367523,2.469855,1.949225,1.617035,0.576897,0.938800,0.495578,1.298241,1.304122
AF3,10,1,2,1.767080,1.114211,1.710992,1.576829,1.597380,1.291801,2.143666,0.987224,1.291696,1.226341,1.231070,1.039659,0.920229,1.136240,1.186887,1.385299,0.960555,0.859206,0.828701,1.223075,1.154255,1.305123,1.022942,0.831206,0.768926,0.914912,0.836852
AF3,24,1,2,1.279321,1.242714,1.460763,1.298078,1.307180,1.780828,2.127259,1.039107,1.242674,1.113504,1.251923,0.917828,0.908781,1.003256,1.081987,1.013809,0.910942,0.761071,1.310767,1.023408,1.372255,1.022898,1.113549,1.121303,0.848419,1.188666,0.997714
F7,7,1,2,0.907789,1.115310,1.882253,1.072121,1.109430,5.134396,2.297335,1.653190,2.888213,1.948293,1.713051,0.877775,0.379119,0.942960,1.115053,1.011813,1.246270,1.013373,1.396205,1.494882,0.984148,1.724674,0.574513,2.591081,0.789710,0.890732,1.409232
F7,8,1,2,0.903237,1.034778,1.757636,1.197188,1.244292,4.814154,2.052012,1.491758,2.403113,1.730966,1.678546,0.903120,0.519017,0.986156,1.103978,1.110115,1.259210,0.949940,1.241551,1.476228,0.979882,1.692078,0.668825,2.293837,0.828958,1.061696,1.372164
F7,9,1,2,1.125424,0.905953,1.203462,1.397366,1.498353,2.767028,1.556261,1.163563,1.290259,1.422408,1.287500,1.012150,0.895980,1.053469,0.958522,1.349700,1.378399,0.887807,1.014733,1.279751,0.951762,1.492174,0.995861,1.276062,1.034851,1.409152,1.079285
F7,10,1,2,1.345791,1.276574,1.076763,1.463094,1.096973,2.324379,1.721575,1.332265,1.542614,1.310502,1.116475,1.188937,0.929237,1.059836,1.021642,1.358743,1.510165,1.152614,0.875955,1.117094,0.795001,1.181922,1.000857,1.281995,1.228642,1.244692,1.154496
F7,11,1,2,1.067466,1.422604,1.316638,1.303860,0.987424,3.790229,2.500361,1.529050,2.371626,1.336969,1.357754,1.337745,0.601212,0.977495,1.269438,1.258422,1.553937,1.219693,0.958601,1.204234,0.775717,1.397592,0.729214,2.071712,0.975152,1.005692,1.258580
F7,12,1,2,1.049944,1.395674,1.355738,1.087406,1.007103,4.352849,2.899116,1.531524,2.687882,1.324472,1.569439,1.342671,0.516955,0.909827,1.334940,1.163579,1.355671,1.193482,1.053675,1.318541,0.788993,1.511848,0.626021,2.223980,0.896238,0.934620,1.255144
F7,13,1,2,1.073735,1.319370,1.164384,0.972699,1.070973,3.910347,2.557178,1.373430,2.236579,1.274599,1.589042,1.164619,0.624126,0.906600,1.151077,1.055122,1.029092,1.081093,1.043114,1.371251,0.775242,1.486923,0.657699,2.087289,0.894803,1.020081,1.156423
F7,20,1,2,0.916595,1.208129,1.523162,1.083082,0.994276,3.457915,1.975775,1.550739,2.527057,1.337557,1.294720,1.045601,0.587689,0.765051,1.147205,1.028392,1.012515,1.016078,1.044005,1.262736,1.362939,1.373533,0.635419,2.389966,1.040129,1.045538,1.249909
F7,21,1,2,0.919004,1.275720,1.745089,1.047126,0.946113,4.274041,2.485012,1.691677,3.614560,1.535549,1.463370,0.974938,0.402307,0.736093,1.231263,1.078262,1.310068,1.178329,1.156674,1.667666,1.135043,1.534133,0.524943,2.893123,0.968118,0.935614,1.410893
F7,22,1,2,0.916519,1.245878,1.575211,1.089776,0.908589,4.444719,2.694607,1.642650,3.616726,1.562271,1.449480,1.032570,0.427910,0.761352,1.093618,0.984357,1.286117,1.137503,1.183361,1.886025,1.078181,1.471046,0.543213,2.977174,1.016886,0.995513,1.276853
F7,23,1,2,0.927143,1.158719,1.147192,1.178746,0.839558,3.136360,2.020150,1.328594,2.222276,1.330563,1.215389,1.096540,0.677390,0.843219,0.899651,0.781744,0.961806,1.048934,1.048614,1.579099,1.117660,1.257419,0.731937,2.236034,1.181601,1.266504,1.051912
F7,25,1,2,0.976845,1.414757,1.444684,1.055465,1.133056,3.573340,1.611515,1.512252,3.500610,1.335946,1.828149,1.257351,0.541216,0.815607,1.021151,1.408922,1.473371,1.087603,1.126965,1.156670,0.976055,1.355475,0.593447,2.781363,0.911665,1.073713,1.375644
F7,26,1,2,0.978012,1.415620,1.574740,1.079266,1.094138,4.190466,2.025266,1.711783,3.771025,1.242831,1.744963,1.307442,0.439538,0.820556,1.167610,1.611992,1.589140,1.059303,1.228728,1.213708,0.944370,1.556133,0.561219,3.028328,0.846793,0.975817,1.499964
F7,27,1,2,0.989342,1.405530,1.340422,1.171939,1.100419,4.062963,2.048923,1.760822,2.800361,1.078093,1.479866,1.363522,0.496669,0.902219,1.071195,1.326223,1.351441,0.901659,1.200437,1.241760,0.944893,1.572136,0.629746,3.060172,0.923566,1.020738,1.350428
F7,28,1,2,1.081967,1.399701,0.844725,1.420022,1.242994,2.599596,1.340794,1.436394,1.543007,1.072095,1.152006,1.328277,0.711647,1.018324,0.928172,0.845490,1.032847,0.782460,1.048179,1.181767,1.197543,1.356238,0.991722,2.321337,1.171619,1.119585,0.962238
F7,29,1,2,0.806582,1.345551,1.145374,1.309677,1.711997,2.521331,1.270138,1.179848,1.945680,1.594197,1.447872,1.102325,0.702193,1.136584,1.044413,0.740383,1.032385,0.726415,1.128565,1.170161,1.513557,1.346452,0.834541,1.563542,1.071115,0.894888,1.019469
F7,30,1,2,0.858553,1.358548,1.645232,1.139069,1.259463,3.592583,1.710117,1.430255,3.226284,2.224022,1.776248,0.928849,0.470374,1.019022,1.116967,0.900809,1.420693,0.986674,1.505051,1.276738,1.186605,1.470094,0.577734,2.122529,0.784235,0.763871,1.198341
F7,34,1,2,1.094369,1.467387,1.433076,0.848894,1.173744,3.819768,1.258166,1.342838,1.897435,1.113165,1.460129,0.935342,0.638641,0.702780,0.940454,0.792296,1.249380,1.169525,0.860368,1.015537,1.150587,1.588910,0.702530,2.157624,1.065845,0.985343,0.974186
F7,35,1,2,0.995924,1.467234,1.827485,0.736771,1.116387,5.070686,1.527197,1.581551,3.082182,1.542975,1.621177,0.921509,0.479246,0.624914,1.162786,0.953519,1.515703,1.259282,1.072767,1.125662,1.191827,1.794173,0.528501,2.691138,0.902766,0.844996,1.211545
F7,36,1,2,0.975336,1.464165,1.806138,0.790166,1.096706,4.859675,1.555945,1.626768,3.511548,1.799978,1.622126,0.991705,0.479593,0.665711,1.113006,0.985682,1.487760,1.247413,1.160123,1.172623,1.179051,1.719482,0.532262,2.610652,0.880749,0.908498,1.315908
F7,37,1,2,0.988791,1.350496,1.273322,0.912002,1.069615,3.669821,1.299604,1.540007,2.442535,1.661358,1.430409,0.900563,0.642508,0.799398,0.854326,0.977146,1.169002,1.124415,1.102050,1.052719,1.277935,1.464949,0.657952,2.188354,0.841631,1.170388,1.249337
F7,39,1,2,0.903537,1.480678,1.507708,1.198565,1.122110,4.052408,1.695708,1.196347,2.779188,1.292479,1.609182,0.784154,0.568968,1.001305,1.297294,0.768860,0.990794,1.249602,1.064968,1.246918,1.029594,1.536137,0.660145,2.152232,0.999709,0.781903,1.372280
F7,40,1,2,0.915674,1.485908,2.024550,1.033365,1.122631,4.953687,1.869346,1.386806,3.624075,1.490820,1.720044,0.763043,0.420376,0.812266,1.497695,0.904891,1.291425,1.313109,1.096836,1.399063,1.000532,1.662294,0.558365,2.678769,0.944660,0.685293,1.444306
F7,45,1,2,0.922814,1.452218,2.643071,0.696588,1.137075,5.124936,2.674299,1.406098,4.775967,1.653205,2.079860,0.792823,0.275701,0.639153,1.929203,0.995454,1.566566,1.158301,1.319117,1.508733,0.912747,1.916265,0.549241,3.042039,0.862472,0.631527,1.334612
F7,49,1,2,0.924552,1.401733,2.353790,0.728123,1.171387,5.361718,2.775972,1.532537,4.702774,1.900217,2.061905,0.802499,0.272856,0.693269,1.689910,1.021967,1.482560,1.202525,1.159441,1.536852,0.953019,1.904637,0.517961,2.933702,0.848176,0.640408,1.384143
F7,50,1,2,0.927926,1.428867,2.659389,0.681773,1.147091,5.730412,2.934150,1.523697,5.501975,2.015329,2.082843,0.843591,0.237465,0.652604,1.862811,1.054995,1.598401,1.265964,1.235140,1.675911,0.932470,1.935092,0.509288,2.971108,0.832834,0.625261,1.378939
F7,54,1,2,0.928362,1.410517,2.592683,0.694492,1.153853,5.573061,2.700737,1.553075,4.905343,1.921399,1.992701,0.750651,0.242087,0.656361,1.827279,1.060465,1.528676,1.242520,1.240591,1.676629,0.931637,1.826574,0.518012,3.009113,0.846244,0.632914,1.384389
F7,55,1,2,0.927515,1.418325,2.637909,0.715098,1.159206,5.719657,2.678715,1.531695,5.097971,1.851267,2.020141,0.795971,0.243932,0.645639,1.856076,1.063013,1.554268,1.245512,1.193048,1.673792,0.925184,1.846246,0.509489,3.001595,0.828854,0.637907,1.355850
F7,59,1,2,0.921824,1.418578,2.572273,0.672948,1.162103,5.704918,2.930988,1.541164,5.517326,2.002054,2.037650,0.801482,0.231270,0.658163,1.948629,1.063157,1.589343,1.252721,1.226741,1.798541,0.937557,1.921350,0.504459,2.975791,0.842293,0.632173,1.410056
F7,60,1,2,0.920787,1.414532,2.471934,0.746179,1.185674,5.365874,2.677572,1.520746,4.910602,1.831651,2.017008,0.782272,0.252837,0.671594,1.767436,1.019435,1.484373,1.209514,1.197920,1.691498,0.937806,1.837488,0.526806,2.939382,0.841284,0.655816,1.300832
T7,4,1,2,1.050821,0.725679,2.097936,0.808941,1.410696,2.982528,2.367362,1.705665,4.139527,3.312218,1.675127,0.880305,0.349860,0.756891,1.437542,1.106515,1.297458,0.362214,1.828162,2.302349,2.409246,1.668847,0.415548,0.960721,0.469857,1.115390,1.488021
T7,5,1,2,0.987298,0.840208,2.039065,1.037132,1.271842,2.881257,1.574030,1.427401,2.535809,1.464444,1.586957,1.123542,0.332335,0.755459,1.304081,1.001860,1.659093,0.448213,2.117803,2.775209,2.038749,1.281932,0.632958,1.074842,0.567861,1.121120,1.191981
T7,8,1,2,0.938984,0.778090,2.298736,0.976146,1.443917,3.105585,2.271459,1.824648,4.726238,3.749777,1.433047,1.125246,0.303832,0.669259,1.511447,1.056576,1.154686,0.299064,1.900300,2.359563,2.669108,1.628228,0.441397,0.866970,0.438748,1.552438,1.472831
T7,9,1,2,1.130093,0.921360,1.901428,1.388090,1.457952,3.006995,1.938182,1.308348,2.957915,2.407557,1.570933,1.308463,0.423167,0.734482,1.519814,1.102373,1.396744,0.480531,2.042964,2.750826,2.420350,1.627819,0.682406,1.148447,0.691960,1.460103,1.389069
T7,10,1,2,1.723520,0.847080,1.737277,1.647288,1.330361,2.607372,2.380118,1.295766,3.794869,2.250936,1.659190,0.983714,0.446937,0.975628,1.313815,1.243854,1.384532,0.612360,2.012194,1.859819,2.779986,1.447194,0.645536,0.949218,0.713411,1.903223,1.484835
T7,11,1,2,1.301439,0.761363,2.107634,1.393062,1.371973,2.822587,2.704290,1.688245,5.168513,3.214138,1.452613,0.830110,0.325422,0.814058,1.308082,1.240377,1.137676,0.439427,1.813513,1.989580,2.883388,1.543452,0.380519,0.785589,0.442742,2.058153,1.500165
T7,14,1,2,1.378606,1.050006,1.477328,1.237706,1.512618,2.209193,1.756054,1.426308,2.098105,1.653480,1.614266,1.156485,0.486060,0.832501,1.189181,1.541984,1.393626,0.582595,1.706881,2.048289,1.913637,1.531329,0.534166,0.672044,0.615881,1.146008,1.368038
T7,19,1,2,1.331827,0.936281,1.412601,1.180699,1.119637,1.829302,1.271185,1.083505,1.595827,1.497712,1.910225,0.702622,0.878969,1.052900,0.924902,1.349093,1.805580,0.751313,2.086186,1.684579,2.329244,1.861146,0.813934,0.970240,1.065352,1.343995,1.073307
T7,20,1,2,1.104380,0.738693,1.798583,1.231798,1.320971,2.815651,2.195403,1.686669,5.476250,3.267742,1.548842,0.935205,0.398300,0.991624,1.210376,1.182605,1.161404,0.475936,1.820821,2.178804,2.770487,1.717334,0.349419,0.790371,0.517980,1.766858,1.306759
T7,24,1,2,0.816949,0.865828,1.285979,0.985274,1.153144,1.644105,1.501764,1.221951,3.529012,1.694129,1.960835,1.023849,0.659191,0.850313,1.067671,1.147991,1.724046,0.643710,1.623104,2.291109,3.408631,1.478309,0.580497,1.132876,0.639897,1.255031,1.180665
T7,39,1,2,1.035765,0.746527,1.625641,0.764130,1.478922,2.866764,2.197977,1.609329,4.750985,3.570057,1.441025,0.923260,0.513126,0.956649,1.564049,0.975716,1.162216,0.637885,1.825379,1.877417,3.128071,1.586270,0.322782,0.771220,0.432691,1.649855,1.378598
T7,47,1,2,1.022012,0.801331,1.733268,1.181751,1.311801,2.521923,2.132012,1.521705,4.387201,2.887431,1.641708,0.763570,0.416791,0.604627,1.399228,0.833293,1.491807,0.590802,2.076380,2.389716,2.963853,1.703479,0.388065,0.872094,0.460126,1.197122,1.123425
T7,52,1,2,0.998135,0.956380,1.781100,1.387209,1.291458,2.819239,1.737825,1.202462,3.284868,2.122653,2.148260,0.839752,0.360520,0.500898,1.503933,0.867765,2.116009,0.642841,2.863499,3.085195,2.766460,1.720321,0.492340,0.898686,0.563006,1.068161,1.030152
T7,57,1,2,1.017480,0.966329,1.876523,1.218989,1.291165,2.529459,1.695599,1.210869,2.994105,2.276146,2.253645,0.829443,0.343857,0.492372,1.426658,0.909528,2.258248,0.715628,3.161286,3.389702,2.777788,1.646046,0.507507,0.916862,0.592418,1.140775,1.038553
T7,62,1,2,1.092851,0.813061,2.214930,0.963272,1.306771,2.929712,2.173494,1.545676,4.374191,2.961635,1.724416,0.804644,0.303912,0.574607,1.395351,0.928805,1.453579,0.490713,2.239706,2.492269,2.849782,1.662364,0.410374,0.845284,0.492141,1.233297,1.164616
P7,5,1,2,1.030292,1.242955,0.974254,1.403218,1.321984,1.849551,2.952341,2.111502,0.822653,1.510037,2.117199,0.929328,1.231933,1.049549,0.926629,0.952617,1.310054,0.645820,1.466288,1.265583,1.517394,1.359676,0.532792,0.949708,1.206082,1.643357,1.154277
P7,10,1,2,1.568856,1.229222,0.965003,1.795040,1.374280,1.786475,1.812416,2.018188,0.938139,2.066841,1.727434,1.540424,0.730989,1.272531,1.069517,1.176364,1.027808,0.959568,2.009549,1.436108,1.111818,1.118177,0.880407,1.023987,1.038403,1.251287,1.049595
P7,15,1,2,1.020706,0.997254,0.824867,1.598101,1.250957,2.042229,1.921181,2.462652,1.144148,2.226238,1.765377,1.155464,0.803859,0.892334,0.894378,1.512923,0.741754,0.716690,1.698375,1.317584,1.348104,1.321156,0.606336,1.174741,1.192855,1.434957,1.199608
O1,9,1,2,0.888113,1.069198,0.850850,1.251588,1.254386,1.894424,1.585872,1.228221,1.045802,1.933945,0.911520,1.573155,1.028530,1.021068,0.976638,1.184039,2.029350,1.042906,1.744527,0.943893,0.742092,1.372757,1.040758,1.170924,0.724799,1.498898,2.099000
O1,10,1,2,0.833388,1.289196,0.779864,1.546166,1.367243,1.840932,1.521877,0.935867,1.431785,1.681256,0.810613,1.754022,1.227661,1.112527,0.985856,0.958183,1.579350,1.194581,2.009796,1.164203,1.065117,1.865240,1.066789,2.211633,0.625277,1.135146,1.591727
O1,14,1,2,1.056275,1.136469,1.045885,1.151689,1.439832,1.600284,1.189709,0.943826,1.286455,1.265357,1.224698,1.055131,1.143568,0.779090,0.944605,1.068787,1.324032,1.125535,1.198776,1.084811,1.173235,1.419549,0.681960,0.885623,0.922019,1.066769,1.247832
O1,24,1,2,0.955915,1.421243,1.226986,1.077804,1.457392,1.568359,0.855311,0.788340,1.392040,0.943936,0.889704,1.609879,1.089161,1.043606,1.025971,1.003369,1.307432,0.786226,1.069078,1.322914,1.017646,1.024471,1.097801,1.232929,1.035679,0.923554,1.215671
O2,5,1,2,1.496089,1.023928,1.374653,1.081016,1.315356,1.158069,1.667008,1.351602,1.584116,1.135329,3.032697,0.898104,0.653001,0.943650,1.495010,1.001552,1.659184,0.844023,2.231873,1.484264,1.246179,0.887324,0.976685,1.119261,0.531699,1.520873,2.008760
O2,9,1,2,1.123455,0.809386,0.767954,0.876156,1.329477,1.339119,1.905268,1.924522,2.035046,1.302610,2.348922,1.325741,0.909750,1.017103,1.121130,1.520340,1.301949,1.319940,1.724981,0.957966,0.907017,0.581448,1.182346,1.286806,0.612782,1.888117,1.797218
O2,10,1,2,1.224099,1.132009,0.673235,1.055476,0.842182,1.278173,2.058810,1.314504,1.959550,1.203942,1.358929,1.508967,0.514767,0.861851,1.431987,1.293721,1.045719,1.228195,1.962892,1.421622,1.077878,1.057897,1.102397,1.435939,0.605263,1.418275,1.377555
O2,19,1,2,1.427429,1.164803,1.168470,1.284873,1.059370,1.327089,1.538773,1.073269,1.504284,1.148763,1.193430,0.920623,0.908542,0.749423,1.224205,1.586145,1.238570,0.678615,1.758822,1.160424,1.311035,1.146857,1.122778,1.298157,0.713039,1.152107,1.301527
P8,9,1,2,1.460811,0.942528,0.977162,0.877777,1.208581,1.109794,1.711556,1.617677,1.773458,1.113160,2.487058,1.580584,0.857169,1.085814,0.930058,1.520492,1.735932,1.195647,0.923222,0.970818,0.888919,1.051051,1.348059,1.294990,1.271640,2.084352,1.328349
P8,10,1,2,1.316891,1.286542,0.772003,0.964675,0.837030,1.438046,1.582485,1.236086,1.414168,1.111610,0.941262,1.647061,0.738717,0.810210,1.084671,1.374453,1.629888,1.149460,1.111580,1.201480,1.104303,1.083379,1.342786,1.228502,1.222072,1.540888,1.235533
P8,19,1,2,1.388051,1.217910,1.317365,1.372979,1.170830,1.184369,1.172781,0.973756,1.254374,1.245103,1.081113,1.230377,0.861167,1.022886,0.911745,1.591575,1.120968,0.760340,1.521474,0.921175,1.188517,1.427686,1.324289,1.031028,0.940702,1.281228,1.135307
T8,0,1,2,1.342703,1.231402,2.313714,0.335903,1.777550,2.944236,1.789267,1.718292,3.441994,4.377937,1.360648,1.153906,0.556140,0.818422,0.944463,0.529803,1.145623,1.839742,1.676371,2.056715,3.250523,4.917342,0.328292,0.660467,0.349469,3.400632,1.848043
T8,1,1,2,1.345195,1.230521,2.331308,0.339572,1.753239,2.947690,1.785281,1.717882,3.460435,4.329441,1.347755,1.135452,0.556145,0.823653,0.924114,0.573377,1.136262,1.813841,1.686539,2.069670,3.244256,4.842535,0.328194,0.659639,0.351563,3.292765,1.846873
T8,2,1,2,1.336863,1.230444,2.333445,0.348717,1.783174,2.986864,1.791885,1.745428,3.452369,4.247439,1.363947,1.128514,0.561641,0.824130,0.937753,0.661754,1.154347,1.810894,1.701206,2.083027,3.287653,4.695628,0.339593,0.684047,0.358094,3.203844,1.885135
T8,3,1,2,1.334985,1.195594,2.332197,0.361174,1.805454,2.958337,1.784289,1.746833,3.368722,3.939955,1.415172,1.104991,0.573262,0.835993,0.959097,0.802360,1.186080,1.734984,1.683603,2.152932,3.379172,4.561775,0.358757,0.718143,0.386655,2.853532,1.955267
T8,4,1,2,1.312397,1.135017,2.269620,0.403588,1.870255,2.976028,1.702003,1.766313,3.184955,2.963198,1.591534,1.054485,0.624478,0.891433,1.018099,1.148410,1.326958,1.595408,1.708032,2.332228,3.461124,3.858998,0.420653,0.831489,0.510184,2.110099,2.069989
T8,5,1,2,1.018029,0.933035,1.963204,0.490212,1.512983,2.569941,1.435726,1.412410,1.949363,1.833818,1.460834,1.038527,0.492819,0.837647,1.157643,1.170483,1.389856,1.491561,1.906976,2.316219,1.814869,2.417246,0.497509,1.003501,0.713382,1.609905,1.317070
T8,6,1,2,1.210425,1.275683,2.131095,0.361947,1.654049,2.865156,1.745893,1.495972,3.072741,3.492331,1.207616,1.103645,0.450160,0.807657,1.256778,0.859023,1.084156,1.900467,1.704690,2.062580,2.742439,4.081841,0.375058,0.769237,0.466281,2.349683,1.519831
T8,7,1,2,1.211771,1.340768,2.020122,0.405695,1.716703,2.960564,1.773219,1.475499,2.979067,3.320018,1.231262,1.163859,0.453595,0.859791,1.283174,0.959893,1.085678,1.900350,1.666520,2.102339,2.800665,4.109081,0.400686,0.776080,0.466563,2.196955,1.637097
T8,8,1,2,1.163304,1.360428,1.844310,0.524048,1.804719,3.020820,1.780136,1.435088,2.585378,2.504249,1.190345,1.187053,0.435070,0.968010,1.294034,1.187750,1.159184,1.782716,1.618773,2.234712,2.536083,3.686158,0.497448,0.870214,0.560658,1.781556,1.647076
T8,9,1,2,1.135840,1.346679,1.282143,0.993121,1.864535,2.646211,1.704788,1.335147,1.575717,1.316224,1.241699,1.131313,0.495942,1.008568,1.066130,1.487517,1.697264,1.470095,1.528851,2.116251,1.550678,2.394504,0.812448,1.090156,0.811738,1.603735,1.357838
T8,10,1,2,1.321841,1.245699,1.698399,0.989101,1.225009,2.085086,1.677529,1.233383,2.246481,1.690674,2.619201,1.161598,0.925953,0.820846,0.847737,1.583052,2.024048,1.318169,1.458993,1.112011,1.545928,2.551725,0.926990,0.972533,0.809925,2.228395,1.448979
T8,11,1,2,1.341726,1.214519,2.260383,0.617991,1.367753,2.523924,1.811134,1.471344,3.286025,2.555147,1.824828,1.110411,0.790313,0.704247,0.797825,1.202763,1.436334,1.677304,1.642496,1.456323,2.438368,3.627453,0.653168,0.744649,0.592151,2.832037,1.517172
T8,12,1,2,1.314202,1.235816,2.315838,0.529871,1.502042,2.647625,1.797814,1.543355,3.154592,2.820607,1.635201,1.129349,0.693401,0.640964,0.807922,0.935358,1.303696,1.801338,1.587965,1.593963,2.747530,3.875423,0.565177,0.747422,0.522395,2.874412,1.574458
T8,13,1,2,1.242392,1.286810,2.090324,0.599474,1.565515,2.721126,1.746694,1.493191,2.604045,2.551881,1.592940,1.148336,0.648172,0.597033,0.803325,0.912173,1.309084,1.863107,1.490538,1.659977,2.807645,3.573165,0.540120,0.837470,0.555466,2.414558,1.641353
T8,14,1,2,1.014213,1.293991,1.253812,1.072108,1.480984,2.463323,1.327241,1.110783,1.216570,1.657387,1.620199,1.179275,0.616009,0.794394,0.738291,1.129499,1.541815,1.544168,1.190144,1.514090,2.307884,2.155455,0.641639,1.044651,0.790895,1.474897,1.542803
T8,15,1,2,1.180370,1.141817,1.589209,0.689598,1.621749,2.521659,1.567559,1.206194,2.324114,2.516783,1.447122,1.025347,0.652857,1.085034,0.680456,1.545501,1.287321,1.440086,1.921090,1.525318,2.080869,3.448873,0.589563,0.737969,0.502677,1.903162,1.603486
T8,16,1,2,1.308073,1.143152,2.069306,0.481020,1.596193,2.617026,1.702239,1.323073,3.576444,3.525582,1.415247,1.074977,0.661030,1.037052,0.744005,1.472811,1.190514,1.636217,1.866922,1.655770,2.490456,4.125171,0.508180,0.641174,0.430968,2.887797,1.557740
T8,17,1,2,1.249866,1.136737,2.042382,0.433355,1.594697,2.639199,1.681204,1.297365,3.836053,3.863315,1.386047,1.092149,0.659907,0.977814,0.800986,1.472065,1.149132,1.667495,1.795334,1.712207,2.687235,3.990307,0.507515,0.655705,0.457888,3.141101,1.568360
T8,18,1,2,1.011638,1.144337,1.769166,0.530422,1.678766,2.536530,1.539062,1.100935,3.257738,3.371981,1.424674,1.144537,0.697596,0.924509,0.777838,1.655780,1.186188,1.643944,1.715028,1.716302,2.799887,3.226443,0.634716,0.739040,0.599219,2.547586,1.561770
T8,19,1,2,0.837807,1.586873,1.624931,1.111459,1.850678,1.862148,1.115544,0.876163,1.652441,1.420864,1.801183,1.242240,1.211315,0.976387,0.932846,1.635255,1.469516,1.207297,1.752711,1.435692,1.648503,1.432933,1.215556,0.723247,0.900814,1.657219,1.445421
T8,20,1,2,1.302440,1.451496,2.297973,0.605459,1.576775,2.736188,1.826036,1.463739,3.133999,2.701302,1.491399,1.006977,0.937560,0.891263,1.063541,1.079321,1.246112,1.762357,1.883544,1.794222,2.148519,3.531827,0.580520,0.596328,0.440782,2.161251,1.610280
T8,21,1,2,1.450315,1.386841,2.399666,0.443654,1.542575,2.732777,1.902026,1.679155,3.559027,3.347981,1.418831,1.021602,0.831315,0.929433,1.047005,0.811137,1.163996,1.862182,1.883239,1.769306,2.376512,4.117447,0.485449,0.565646,0.362256,2.565232,1.549233
T8,22,1,2,1.434541,1.367724,2.244525,0.411048,1.503312,2.642046,1.818908,1.702750,3.445019,3.183018,1.383516,1.008006,0.879453,0.908588,1.073873,0.708774,1.166515,1.849711,1.883299,1.734071,2.373377,3.863479,0.517049,0.578993,0.393960,2.565058,1.564897
T8,23,1,2,1.273017,1.466864,1.823154,0.511307,1.425646,2.384676,1.606913,1.428902,2.606041,2.242444,1.356981,0.956356,1.059689,0.869103,1.200671,0.885108,1.205470,1.720271,1.919236,1.614612,1.974297,2.936391,0.703228,0.676200,0.550232,2.159567,1.551533
T8,24,1,2,1.180290,1.322137,1.346325,0.859705,1.615322,2.040648,1.589812,1.644685,2.017681,1.464206,1.888928,1.139863,0.755432,0.809885,1.279570,1.235328,1.577860,1.336893,1.281984,1.416978,1.796900,2.067963,0.845653,0.931252,0.667179,1.928176,1.598862
T8,25,1,2,1.612985,1.197851,2.064372,0.554869,1.674123,2.741325,1.968352,1.625715,3.155111,2.886615,1.545519,1.081081,0.590822,0.823819,1.242422,1.285468,1.276459,1.791231,1.439242,1.792059,2.616220,4.043865,0.460818,0.715508,0.375386,2.381665,1.619972
T8,26,1,2,1.675984,1.200782,2.171305,0.488404,1.686305,2.822982,1.936318,1.584278,3.356438,3.374574,1.486418,1.053955,0.600874,0.869727,1.157314,1.098473,1.184087,1.952030,1.432490,1.842422,2.634979,4.355191,0.415538,0.653990,0.324993,2.443481,1.556508
T8,27,1,2,1.643895,1.214514,1.986531,0.515926,1.652200,2.899203,1.817139,1.593915,3.153381,3.275766,1.509938,1.021674,0.658488,0.948536,1.059094,0.991549,1.190460,2.052280,1.341837,1.921811,2.434557,3.844682,0.441935,0.641494,0.340340,2.068838,1.562486
T8,28,1,2,1.177601,1.240417,1.361797,0.842664,1.518186,2.811706,1.348048,1.663969,2.205919,2.064179,1.664875,1.030028,0.812664,0.989417,0.832620,1.060157,1.255710,1.883173,1.169287,1.864480,1.780241,2.316857,0.600466,0.745838,0.559619,1.246525,1.495743
T8,29,1,2,0.951970,1.371932,1.859438,0.746893,1.493211,2.333524,1.370642,1.854805,2.429662,2.020151,1.620943,1.126494,0.882361,0.719370,0.761357,1.217246,1.229021,1.320159,2.135406,1.548684,2.069233,2.632198,0.542761,1.046133,0.645821,1.358143,1.319463
T8,30,1,2,1.352332,1.258105,2.311571,0.489397,1.544945,2.508884,1.701865,1.824307,3.265627,3.169283,1.454127,1.183834,0.659235,0.703616,0.755304,1.094645,1.202721,1.507146,1.963409,1.607165,2.985558,4.030918,0.397819,0.822617,0.452456,2.154014,1.516680
T8,31,1,2,1.488933,1.214937,2.238908,0.442887,1.549309,2.550236,1.812427,1.729898,3.369953,3.322888,1.424995,1.117588,0.597191,0.762811,0.819142,1.059959,1.181010,1.592566,1.782508,1.643330,3.164106,4.093341,0.384352,0.771691,0.422689,2.131706,1.546358
T8,32,1,2,1.588832,1.148482,1.927045,0.521254,1.547561,2.388331,1.793732,1.565464,2.879339,2.863772,1.411340,1.026715,0.623270,0.822048,0.866674,1.074043,1.191612,1.627185,1.630088,1.695709,2.980666,3.354986,0.429414,0.824188,0.457306,1.649893,1.567632
T8,33,1,2,1.540098,0.994753,1.159038,0.866107,1.466633,1.663703,1.369611,1.084483,1.437184,1.414570,1.453423,1.041770,0.807718,0.914910,0.853638,1.036923,1.213003,1.385020,1.208108,1.652281,1.299623,1.528843,0.774994,1.005123,0.657262,1.103573,1.240241
T8,34,1,2,1.243160,1.412886,1.667426,0.564631,1.700333,2.947351,1.516095,1.758532,2.627186,2.652203,1.516701,1.116298,0.861845,0.785088,0.811243,0.896956,1.324268,1.619463,1.754659,1.977255,1.503305,2.097146,0.585220,0.705296,0.432648,1.901138,1.323790
T8,35,1,2,1.361530,1.320788,2.141535,0.413982,1.631958,2.911257,1.658975,1.855676,3.330833,3.463226,1.467657,1.072183,0.773278,0.730848,0.866420,0.808547,1.235844,1.752664,1.809304,1.917666,1.912213,2.780778,0.459944,0.678559,0.371271,3.090143,1.472169
T8,36,1,2,1.391914,1.316007,2.120085,0.388875,1.589560,2.832087,1.626496,1.696262,3.415375,3.398494,1.503870,1.027745,0.757946,0.746806,0.893905,0.788690,1.194638,1.826322,1.808770,1.917959,1.915996,2.867298,0.452738,0.688865,0.400396,2.899923,1.556890
T8,37,1,2,1.290549,1.383370,1.750282,0.464366,1.504626,2.725478,1.363255,1.387213,2.857423,2.510713,1.630740,0.903657,0.850782,0.815097,1.023582,0.897481,1.275087,1.734580,1.833637,2.011969,1.645343,2.359663,0.545353,0.746258,0.518953,1.781190,1.639650
T8,38,1,2,1.040941,1.154408,1.104949,0.785994,1.505599,1.901620,0.768369,0.989451,1.420163,1.102778,1.809192,0.914715,1.091226,1.008362,1.086834,0.919318,2.017444,0.979170,1.538635,1.728413,1.224006,1.380468,0.820331,0.864550,0.753884,1.056302,1.334176
T8,39,1,2,1.150779,1.208917,2.160250,0.551424,1.674251,2.836771,1.439047,1.720837,2.773086,2.075577,1.365314,1.186124,0.657171,0.781035,0.878897,0.832296,1.275133,1.401526,1.830236,1.733323,2.915978,4.388351,0.464810,0.646387,0.372404,1.770052,1.454019
T8,40,1,2,1.240813,1.222370,2.586166,0.466481,1.645703,2.872490,1.670153,1.829446,3.198756,2.650117,1.365780,1.304367,0.611293,0.691805,0.882653,0.801250,1.189744,1.630300,1.842416,1.711493,3.213146,4.778120,0.409489,0.611902,0.317307,2.623402,1.500853
T8,41,1,2,1.263312,1.250011,2.676331,0.446192,1.650580,2.871112,1.687232,1.871606,3.379236,2.660686,1.370421,1.351963,0.620745,0.620869,0.914521,0.832824,1.167742,1.677546,1.842684,1.703570,2.950830,4.445419,0.415542,0.632506,0.324014,2.818154,1.482945
T8,42,1,2,1.250252,1.226377,2.264482,0.526953,1.590530,2.689489,1.546864,1.801860,2.973476,1.904155,1.479641,1.399627,0.701805,0.620041,0.947540,1.034131,1.189427,1.589734,1.789892,1.697590,2.268624,3.105465,0.536354,0.738912,0.418755,2.100308,1.334232
T8,43,1,2,1.290965,1.283791,1.445999,0.689723,1.572472,2.320656,1.485503,1.482940,2.485025,1.884405,1.983175,0.901386,0.988508,1.017335,1.009232,1.041701,1.450690,1.433921,1.645383,1.591899,2.186654,1.935135,0.524162,0.658016,0.505897,1.652306,1.490858
T8,44,1,2,1.493630,1.267903,2.085396,0.419048,1.649462,2.723870,1.857161,1.752546,3.740243,4.108266,1.474511,0.970588,0.781379,0.928188,0.973463,0.783747,1.234971,1.692978,1.697016,1.824031,3.097928,3.390199,0.378656,0.582402,0.300407,3.058467,1.589639
T8,45,1,2,1.479109,1.231977,2.341662,0.381777,1.653301,2.792313,1.864983,1.789309,4.014950,4.208859,1.414332,1.040620,0.715468,0.856543,0.979011,0.699022,1.199728,1.701279,1.729685,1.823454,3.202217,3.828951,0.349190,0.578968,0.287235,3.548325,1.540199
T8,46,1,2,1.452289,1.231356,2.380239,0.406018,1.655058,2.785048,1.874822,1.752553,3.883809,3.793384,1.443962,1.084975,0.697917,0.795247,0.955424,0.762125,1.216240,1.684255,1.757921,1.802633,3.134625,3.687562,0.381232,0.594384,0.292280,3.435784,1.556603
T8,47,1,2,1.260828,1.273972,2.008691,0.543202,1.605695,2.708619,1.780509,1.628938,3.279776,2.403983,1.698554,1.149229,0.729334,0.673370,0.989840,1.083363,1.392519,1.541603,1.863402,1.912986,2.579143,2.537695,0.508885,0.662546,0.356869,2.354394,1.554036
T8,48,1,2,1.293580,1.282393,2.053770,0.473249,1.601546,2.995798,1.568946,1.728636,3.436277,3.046750,1.621807,1.108006,0.617449,0.785753,0.873168,0.893676,1.333287,1.701781,1.835478,1.834389,2.655189,3.426065,0.457623,0.626615,0.305238,2.675087,1.711919
T8,49,1,2,1.394322,1.240827,2.411275,0.369831,1.642187,2.915381,1.737719,1.831985,3.835615,4.341786,1.440650,1.104363,0.609907,0.816918,0.839895,0.639466,1.210641,1.738347,1.753448,1.819313,2.909087,4.483846,0.354651,0.595454,0.269973,3.930223,1.661898
T8,50,1,2,1.415052,1.213711,2.482100,0.358203,1.629766,2.855053,1.757982,1.847121,3.914602,4.432638,1.416184,1.098154,0.607507,0.806764,0.863808,0.572723,1.188309,1.783948,1.772303,1.824895,2.893950,4.644324,0.350364,0.587357,0.270307,4.360958,1.619409
T8,51,1,2,1.374959,1.214106,2.465857,0.386895,1.640122,2.796085,1.729270,1.802922,3.794241,3.862020,1.469716,1.077615,0.603653,0.753077,0.860355,0.731163,1.232152,1.705300,1.759053,1.880074,2.855352,4.250600,0.390013,0.593060,0.279428,4.097379,1.659230
T8,52,1,2,1.087364,1.286573,1.898601,0.675798,1.546538,2.609030,1.289063,1.631828,2.474002,1.930138,2.342154,1.033147,0.599103,0.578113,0.871856,1.238359,1.802343,1.290834,2.045814,2.537718,2.143737,2.357936,0.591731,0.647435,0.381023,2.408568,1.796611
T8,53,1,2,1.360483,1.252599,2.325200,0.414471,1.633647,2.904771,1.747988,1.760907,3.504865,3.773621,1.499427,1.116648,0.615601,0.751135,0.819370,0.856917,1.255213,1.708823,1.800754,1.831995,2.866429,3.771628,0.404434,0.608475,0.302239,3.091643,1.608288
T8,54,1,2,1.415650,1.237305,2.522032,0.356480,1.647845,2.932388,1.790184,1.833028,3.851809,4.422695,1.417863,1.127402,0.614847,0.805595,0.841004,0.652181,1.185256,1.773845,1.783408,1.801466,2.925525,4.390103,0.344736,0.585064,0.279713,3.854017,1.585594
T8,55,1,2,1.415942,1.231023,2.530054,0.360989,1.640425,2.904591,1.803120,1.839341,3.898079,4.274431,1.405394,1.117760,0.603099,0.804238,0.855783,0.649339,1.189248,1.757109,1.784713,1.813943,2.908168,4.409423,0.346502,0.589067,0.278629,3.902848,1.603674
T8,56,1,2,1.355962,1.249592,2.367196,0.406762,1.629755,2.921013,1.731253,1.781740,3.672841,3.482703,1.497139,1.086974,0.603805,0.755424,0.808039,0.862292,1.255585,1.729202,1.762205,1.875994,2.891606,3.817090,0.403664,0.617664,0.295229,3.391171,1.609303
T8,57,1,2,1.058046,1.334016,1.726653,0.691411,1.473625,2.630300,1.304857,1.606889,2.541294,1.813983,2.398081,1.048088,0.619086,0.639295,0.746725,1.364199,2.024975,1.315066,2.168351,2.579122,2.531296,2.391020,0.604739,0.633041,0.390182,2.414875,1.646911
T8,58,1,2,1.392721,1.224201,2.410274,0.392593,1.640482,2.849964,1.771136,1.776945,3.785124,4.080032,1.466579,1.129529,0.625389,0.773094,0.808301,0.760924,1.232372,1.752341,1.825357,1.826731,2.950087,4.265258,0.389093,0.588283,0.288962,3.932558,1.623202
T8,59,1,2,1.426594,1.231689,2.540303,0.353280,1.625248,2.868255,1.784727,1.830824,3.930848,4.575566,1.415453,1.152006,0.610157,0.796154,0.840198,0.590394,1.186254,1.758923,1.804347,1.817978,2.962428,4.585188,0.345047,0.579671,0.277596,4.380690,1.585117
T8,60,1,2,1.412983,1.224170,2.515043,0.365807,1.626575,2.845133,1.790638,1.798003,3.851489,4.366288,1.419972,1.139624,0.613076,0.790305,0.835717,0.651052,1.197898,1.741494,1.799589,1.830934,2.945760,4.488682,0.356046,0.577335,0.279341,4.114476,1.624133
T8,61,1,2,1.309597,1.254406,2.268631,0.447607,1.600517,2.918740,1.658973,1.715493,3.477761,3.223644,1.564567,1.110416,0.611080,0.730114,0.799116,0.934762,1.303574,1.649966,1.870834,1.940020,2.841215,3.643989,0.438941,0.608937,0.308680,3.235588,1.653907
T8,62,1,2,1.215742,1.281183,2.077633,0.518626,1.578733,2.830335,1.547170,1.681770,3.086418,2.576863,1.758110,1.034694,0.640830,0.692627,0.788376,1.109472,1.451308,1.562409,1.891244,2.079601,2.831810,3.086716,0.509922,0.612192,0.346000,2.934334,1.685386
T8,63,1,2,1.396452,1.216349,2.479693,0.372815,1.644483,2.858641,1.792163,1.786258,3.822207,4.145332,1.448979,1.108741,0.632912,0.785500,0.828636,0.698932,1.216645,1.753512,1.767546,1.834800,3.008280,4.281117,0.371250,0.580079,0.284192,4.082646,1.623145
F8,0,1,2,1.353457,1.109012,4.316077,0.305304,2.443320,3.286450,2.013667,1.043645,4.717243,7.637421,1.090840,1.192517,0.245857,0.879048,1.870335,0.787713,1.080870,0.503007,1.177055,3.195585,5.491385,5.216469,0.580820,1.507247,1.336812,0.714814,1.756183
F8,1,1,2,1.352734,1.104662,4.037875,0.313478,2.465565,3.260572,2.012955,1.048574,4.656336,7.294396,1.099609,1.181489,0.259487,0.885253,1.908065,0.787446,1.095322,0.513410,1.183274,3.214659,5.347484,5.052284,0.598474,1.507450,1.324590,0.758450,1.727319
F8,2,1,2,1.344932,1.105542,3.708996,0.334794,2.492376,3.282032,1.974977,1.043762,4.491480,6.545036,1.116629,1.174190,0.302846,0.898688,1.881491,0.805330,1.119700,0.523738,1.204192,3.214977,5.174041,4.670689,0.636427,1.475583,1.291748,0.786152,1.619579
F8,3,1,2,1.322917,1.088980,3.020142,0.383737,2.514140,3.304720,1.935244,1.046221,4.010974,5.235707,1.164308,1.169245,0.399206,0.906949,1.847762,0.891636,1.185008,0.542523,1.225956,3.297275,4.431727,4.161976,0.720976,1.424712,1.270106,0.864081,1.440048
F8,4,1,2,1.265656,1.113068,1.927550,0.547592,2.563479,3.226133,1.659243,1.026785,2.649386,3.062992,1.329119,1.132424,0.662391,0.898385,1.625955,1.026548,1.373614,0.613252,1.315423,3.080986,2.662928,3.148220,0.938232,1.281053,1.199796,1.027467,1.112697
F8,5,1,2,1.144860,1.073468,1.251548,0.930792,1.659903,2.573429,1.241443,0.833083,1.410713,1.921537,1.142317,0.954999,0.759300,0.876634,1.345702,1.014709,1.416921,0.649252,1.244111,1.595046,1.120736,1.846042,0.932128,0.987545,0.962090,1.423981,1.167149
F8,6,1,2,1.314978,1.055958,2.221771,0.627827,1.991110,3.144427,1.719333,0.903877,2.729677,3.850514,0.998756,1.163255,0.407099,0.858641,1.245374,1.058413,1.119677,0.572530,1.151723,2.088812,2.200660,3.451687,0.636729,1.024255,1.158739,1.792240,1.642642
F8,7,1,2,1.276314,1.043845,2.342081,0.650990,2.092055,3.198141,1.866193,0.956854,3.246570,3.925847,0.966624,1.324897,0.380631,0.896641,1.129800,1.265005,1.129271,0.597475,1.136703,2.280074,2.328761,3.515995,0.633855,1.048625,1.376837,1.971387,1.755056
F8,8,1,2,1.180936,1.028059,1.708179,0.876034,2.206251,3.194861,1.831151,1.018593,2.891646,2.730259,0.967968,1.314253,0.510402,0.961793,1.026618,1.513845,1.302344,0.668390,1.144688,1.974261,1.862870,2.729409,0.782183,1.081518,1.357327,1.959972,1.636057
F8,9,1,2,0.986228,1.044710,1.035006,1.232793,1.990384,2.287556,1.547253,1.176472,1.512516,1.254021,1.196763,1.191010,0.841498,0.943825,0.940258,1.764370,1.728893,0.889848,1.180129,1.319478,1.106089,1.545653,1.120765,1.046461,1.175155,1.797560,1.283141
F8,10,1,2,1.708572,1.312235,1.024085,1.332882,1.635370,2.246606,1.287107,1.124506,1.697468,1.582442,1.704786,1.028359,1.095039,0.921956,0.968103,1.655931,2.002275,0.806284,1.121702,0.952701,1.199006,1.775010,1.267493,1.109155,1.087348,1.657156,1.120908
F8,11,1,2,1.645740,1.142883,1.372610,1.026821,1.814017,2.843487,1.494083,1.139102,2.232581,2.364871,1.427926,0.906325,0.818847,0.840752,1.023134,1.243137,1.836983,0.696032,1.149597,1.258629,2.083169,2.660787,0.868719,1.106967,1.089679,1.502459,1.187834
F8,12,1,2,1.588606,1.125965,1.562275,0.918664,1.857803,2.945353,1.626272,1.110450,2.314475,2.658035,1.236573,0.867758,0.616702,0.779521,1.073749,1.005645,1.496828,0.634181,1.168919,1.489062,2.525684,2.901462,0.725122,1.055617,1.155530,1.480706,1.303078
F8,13,1,2,1.516342,1.081997,1.457847,0.994293,1.827624,2.875863,1.662004,1.018104,1.946416,2.329294,1.172544,0.890280,0.621825,0.743225,1.021587,1.006548,1.141544,0.641062,1.176273,1.506231,2.288958,2.588096,0.714151,0.947860,1.234139,1.589363,1.444662
F8,15,1,2,1.105220,1.264733,1.133434,1.085894,2.296608,2.555495,1.097705,0.716916,1.445330,2.434622,1.173821,1.143926,0.771456,1.130870,0.836246,1.122927,1.291052,0.490326,1.188878,1.159060,2.025926,2.614096,1.152776,1.014956,0.812389,1.551298,1.391358
F8,16,1,2,1.287329,1.221338,1.575273,0.713466,2.306003,2.892378,1.281091,0.799349,2.269976,4.023311,1.154969,1.152554,0.661580,0.977457,0.996460,0.958106,1.392915,0.477797,1.246002,1.527826,2.928267,3.794452,0.850176,1.188291,0.751704,1.277410,1.492928
F8,17,1,2,1.291818,1.210121,1.681810,0.695306,2.181547,2.982672,1.377344,0.798430,2.514546,4.277614,1.121299,1.226008,0.612418,0.892099,1.094271,0.934286,1.237243,0.464128,1.239012,1.597895,2.914659,3.580591,0.817391,1.191846,0.809223,1.083521,1.479769
F8,18,1,2,1.148215,1.218148,1.369472,0.967014,1.980261,2.902745,1.338288,0.751698,2.142372,3.293663,1.125448,1.429529,0.754506,0.822103,1.238973,1.214419,1.030489,0.471625,1.274279,1.423547,2.174229,2.610954,0.971644,0.990744,0.943940,1.142232,1.407464
F8,19,1,2,0.710687,1.191859,1.190414,1.259380,1.315821,1.688618,1.184328,0.813453,1.311590,1.283172,1.046111,1.401083,0.979458,0.878367,1.312233,1.633894,0.943152,0.624682,1.570601,1.070961,1.252134,1.217078,1.218587,0.663348,1.091745,1.334729,1.222874
F8,20,1,2,1.455674,1.093622,1.863886,0.839141,2.035856,2.829486,1.718142,1.042109,2.699698,2.838581,1.093858,1.139425,0.764468,1.063638,1.279171,1.250876,1.179925,0.608975,1.391412,1.610799,1.995107,2.907175,0.765151,0.825338,1.008604,1.529501,1.583294
F8,21,1,2,1.473658,1.116271,2.319282,0.608170,2.028068,2.870876,1.758852,1.079596,3.071709,3.397003,1.112400,1.156398,0.599715,1.109109,1.246066,0.907998,1.297403,0.626039,1.325175,1.872694,2.665527,3.613722,0.700206,1.003610,1.032899,1.381547,1.647338
F8,22,1,2,1.428724,1.121838,2.029881,0.617961,1.907892,2.778886,1.628773,1.090009,2.842547,3.022331,1.108162,1.268754,0.645152,1.057309,1.165307,0.840066,1.168459,0.666292,1.343864,1.934123,2.908260,3.067004,0.760978,1.153805,1.138885,1.289784,1.574517
F8,23,1,2,1.263591,1.139469,1.335800,0.892978,1.669281,2.449826,1.429147,0.995599,2.214007,2.026405,1.093039,1.663056,0.776849,0.958172,0.972367,1.001096,0.905916,0.743776,1.483345,1.618004,2.141459,1.845647,1.091887,1.211719,1.262408,1.556613,1.384483
F8,24,1,2,1.148267,1.169776,1.108866,1.696166,1.819601,2.272812,1.077828,0.899896,1.773460,1.722416,1.077368,1.722344,0.777802,1.007055,0.946098,1.179155,0.815403,0.838852,1.143939,1.200093,1.541203,1.350425,1.043392,1.108690,1.025576,1.915720,1.340807
F8,25,1,2,1.528837,1.098768,1.553251,1.271704,2.318338,3.385014,1.413935,1.020977,2.975102,3.364974,1.096707,1.247739,0.576499,1.057392,1.016675,1.007778,1.231125,0.723823,1.076965,1.563433,2.436668,2.652101,0.646529,1.175737,0.885022,1.950849,1.710412
F8,26,1,2,1.561722,1.107485,1.717572,0.976182,2.257660,3.217674,1.447561,1.050249,3.087212,3.758598,1.105150,1.133707,0.458529,1.125758,0.999506,0.934371,1.220210,0.705198,1.049332,1.755205,2.744271,3.386798,0.607333,1.242417,0.858895,1.642148,1.648685
F8,27,1,2,1.585518,1.104047,1.485873,1.016161,2.073539,3.013328,1.356316,1.069572,2.669932,2.927752,1.102645,1.151432,0.537859,1.146941,0.948297,0.968453,1.004098,0.726407,0.997619,1.691206,2.570944,3.052317,0.711844,1.252282,0.886715,1.391019,1.532802
F8,28,1,2,1.284401,1.029970,1.070839,1.231824,1.791699,2.462333,0.997305,1.294205,1.843029,1.370262,1.013923,1.230122,0.866025,1.031638,0.946958,1.150301,0.763735,0.852165,1.138056,1.323963,1.818210,1.712570,1.203348,1.258935,1.107857,1.262806,1.264922
F8,29,1,2,1.039173,1.174527,1.011068,0.931160,2.105707,2.618924,1.053061,1.861326,1.957870,1.801003,0.965550,0.915162,0.947522,0.922033,1.016847,1.105617,1.005764,0.703697,2.069222,1.319384,1.537449,2.019778,1.101610,1.459088,1.169501,1.228581,1.018182
F8,30,1,2,1.311183,1.170500,1.473385,0.604139,2.270663,3.106636,1.461927,1.443913,2.821672,3.700214,1.018593,0.814393,0.746356,0.923008,0.994252,0.922436,1.244156,0.599731,1.613575,1.702859,2.179634,3.027050,0.691286,1.433895,1.010260,1.168176,1.333884
F8,31,1,2,1.378369,1.187406,1.629705,0.581454,2.199351,3.102803,1.551456,1.278995,3.185939,4.573119,1.076701,0.873422,0.682163,0.978312,0.904091,0.896914,1.232306,0.635397,1.534692,1.849839,2.471945,3.168387,0.593274,1.225685,0.908706,1.083065,1.324936
F8,32,1,2,1.364949,1.224488,1.395373,0.703002,1.909662,2.857937,1.474286,1.216542,2.722293,3.441947,1.117678,1.002780,0.808305,1.024100,0.831754,1.008164,1.056962,0.742009,1.503512,1.749113,2.184835,2.467678,0.623551,1.043834,0.842517,1.025813,1.230194
F8,34,1,2,1.218312,1.146372,1.215968,0.679273,2.277971,3.451764,1.185193,1.207140,1.892061,2.172807,0.918268,1.329603,0.890707,0.739804,0.813187,0.970333,1.213430,0.579628,1.402088,1.622641,1.635964,1.935535,0.891768,1.032073,0.764275,1.187331,1.127546
F8,35,1,2,1.345387,1.111924,1.547799,0.541598,2.436150,3.482647,1.353743,1.175417,2.423983,3.160535,1.027026,1.062149,0.685735,0.775102,0.961797,0.781967,1.535559,0.499432,1.398800,1.794626,2.157944,2.859234,0.718600,1.102758,0.880582,1.187363,1.492176
F8,36,1,2,1.393426,1.132519,1.523737,0.531423,2.345495,3.381983,1.280632,1.105601,2.536124,2.952481,1.102931,0.944424,0.606678,0.835303,1.029290,0.726276,1.645892,0.526426,1.505765,1.806812,2.098566,2.863986,0.715602,1.110030,1.026152,1.207693,1.558184
F8,37,1,2,1.398207,1.226062,1.198936,0.645236,1.964567,3.092720,1.031517,0.981265,1.992405,2.020892,1.248993,0.943826,0.677302,0.873577,1.041838,0.846769,1.542840,0.607985,1.920914,1.600593,1.660372,2.018519,0.894622,1.003108,1.090713,1.367936,1.484248
F8,40,1,2,1.356015,1.128278,1.749298,0.648834,2.287679,3.172654,1.633486,1.154832,3.002823,4.480815,1.082618,0.867310,0.638644,0.688613,1.010541,1.074165,1.276211,0.603885,1.148749,2.134940,2.462895,3.120001,0.573279,1.322240,0.721569,0.998744,1.555523
F8,41,1,2,1.333703,1.147222,1.731072,0.722328,2.352442,3.193346,1.459138,1.217615,3.020231,4.021232,1.086239,0.825528,0.682423,0.673585,1.072505,1.127958,1.270299,0.576650,1.187050,2.212386,2.334305,2.881414,0.592861,1.268362,0.779799,1.048984,1.629756
F8,42,1,2,1.184539,1.249224,1.211332,1.105595,2.052809,2.792467,1.034825,1.182122,2.361608,2.296043,1.145533,0.764792,0.970497,0.679105,1.107099,1.192346,1.190200,0.615516,1.335099,2.097975,1.606949,1.728380,0.750868,1.104181,0.833191,1.193387,1.663603
F8,43,1,2,1.167338,1.190106,1.040370,0.894072,1.731356,2.386246,0.973393,1.075209,1.856366,1.846963,1.225035,0.831200,1.182774,0.996155,1.118973,0.916646,1.354228,0.873564,1.408539,2.418256,1.492067,1.121337,0.855792,0.906974,1.149401,1.181506,1.577332
F8,44,1,2,1.423196,1.102468,2.235751,0.479938,2.117786,3.131852,1.883802,1.085580,2.945480,3.733017,1.116399,0.965268,0.617029,0.908432,1.126548,0.653350,1.432640,0.688233,1.266158,2.355100,2.952802,2.655316,0.630659,1.112861,0.994956,1.165448,1.709797
F8,45,1,2,1.423308,1.087547,3.121330,0.375403,2.257809,3.241609,2.184948,1.097108,3.269562,4.708940,1.064652,1.034138,0.440588,0.872212,1.174204,0.589766,1.468254,0.618964,1.235083,2.210490,3.698078,3.594971,0.531310,1.202012,0.948149,1.043552,1.702134
F8,46,1,2,1.401863,1.099141,2.794667,0.421322,2.279619,3.256968,1.950637,1.122532,3.134554,4.288473,1.093098,1.068648,0.493440,0.846566,1.248134,0.679371,1.326069,0.577982,1.276842,2.098263,3.721658,3.743924,0.566239,1.185450,0.956509,1.086250,1.617503
F8,47,1,2,1.208319,1.123678,1.633616,0.804250,2.095114,3.018243,1.172845,1.083051,1.940238,2.009578,1.344130,1.044429,0.791301,0.786583,1.195501,1.068606,1.136906,0.561797,1.532045,1.764679,2.170733,2.327553,0.927574,0.970151,0.939802,1.294779,1.429157
F8,48,1,2,1.307125,1.172478,1.900450,0.707808,2.192700,3.517860,1.302323,1.077077,2.307355,2.435940,1.345818,0.971464,0.734683,0.889679,1.101464,0.958146,1.260633,0.547772,1.290049,1.981834,2.725774,3.247596,0.913952,1.017120,0.885363,1.704474,1.443341
F8,49,1,2,1.409912,1.130343,3.656389,0.430721,2.302822,3.459113,1.853255,1.112644,3.246855,4.510751,1.134296,0.989385,0.459881,0.866838,1.100891,0.695039,1.409706,0.544946,1.190779,2.277769,3.850691,5.312541,0.607701,1.200803,0.861662,1.533348,1.627071
F8,50,1,2,1.422909,1.117613,4.637050,0.377666,2.376520,3.383896,1.929913,1.121782,3.453576,5.316299,1.088378,0.972649,0.374458,0.865979,1.115402,0.648810,1.449505,0.544783,1.195262,2.295464,3.967781,6.014011,0.537189,1.226827,0.856584,1.221688,1.635000
F8,51,1,2,1.393770,1.130135,2.824916,0.479858,2.281961,3.351539,1.707634,1.114701,2.918958,4.269059,1.137740,0.951698,0.496160,0.853420,1.170029,0.795290,1.343542,0.553685,1.268287,2.187169,3.536155,5.070082,0.642596,1.077389,0.902791,1.213729,1.620213
F8,52,1,2,0.948639,1.240463,1.328001,1.094471,1.871369,2.769211,0.871675,1.025674,1.384459,1.563839,1.397592,0.938838,0.904249,0.751143,1.180944,1.357906,1.209939,0.596019,1.756131,1.748831,1.881893,2.158157,1.228803,0.775844,0.880263,1.352883,1.456434
F8,53,1,2,1.354046,1.129548,2.383997,0.612484,2.268138,3.402154,1.545082,1.096084,2.673871,3.476346,1.198717,0.990958,0.575422,0.841250,1.168735,0.870258,1.292792,0.537411,1.301190,2.170790,3.230254,3.845704,0.743386,1.070294,0.898257,1.551709,1.682390
F8,54,1,2,1.408026,1.111816,4.238971,0.420098,2.345567,3.430461,1.896880,1.128528,3.350660,5.277797,1.098523,1.003144,0.385197,0.834840,1.149489,0.653969,1.419710,0.528393,1.210219,2.287641,3.905056,5.176438,0.568419,1.250639,0.876531,1.491863,1.725397
F8,55,1,2,1.410592,1.114045,3.983470,0.413354,2.363774,3.448849,1.887601,1.120237,3.406005,5.326458,1.087152,0.988438,0.363275,0.841598,1.169032,0.679667,1.423877,0.529610,1.208948,2.310792,3.865101,5.158167,0.551891,1.256409,0.871398,1.371441,1.689051
F8,56,1,2,1.348879,1.120504,2.302410,0.590622,2.287979,3.431592,1.531419,1.101460,2.761655,3.562797,1.170211,0.944723,0.545661,0.842141,1.196248,0.877169,1.294415,0.536247,1.272020,2.170357,3.173476,3.956113,0.709833,1.066290,0.892276,1.400406,1.634249
F8,57,1,2,0.894358,1.229508,1.167513,1.140053,1.935944,2.939586,0.827123,0.945963,1.396461,1.426060,1.334088,0.926198,0.955837,0.762003,1.132234,1.345988,1.275773,0.604517,1.825186,1.726416,1.636234,1.882872,1.465327,0.791344,0.895975,1.492267,1.452014
F8,58,1,2,1.393654,1.137642,2.738365,0.514931,2.279373,3.335557,1.687038,1.074510,3.063337,4.016491,1.132581,0.957306,0.502215,0.823446,1.190403,0.806798,1.371465,0.542182,1.294229,2.224672,3.510397,4.492686,0.681038,1.120776,0.926764,1.501940,1.707221
F8,59,1,2,1.426962,1.131138,4.621968,0.389816,2.354140,3.403905,1.926402,1.119993,3.567462,5.422540,1.083487,0.983945,0.346664,0.833670,1.179796,0.647785,1.453603,0.541882,1.234561,2.289026,4.045777,5.754078,0.539451,1.249592,0.905423,1.433898,1.747616
F8,60,1,2,1.414095,1.120969,3.750835,0.424971,2.332259,3.374384,1.843742,1.110654,3.409848,4.906075,1.099400,0.988391,0.390673,0.828395,1.167951,0.700219,1.428483,0.534124,1.257516,2.295824,3.856729,5.472794,0.576612,1.212123,0.905820,1.434829,1.705222
F8,61,1,2,1.322099,1.147348,1.955942,0.669579,2.209213,3.363959,1.357969,1.061355,2.440498,2.893680,1.241643,0.949736,0.629956,0.815123,1.155294,0.994438,1.281813,0.540282,1.441532,2.129209,2.966135,3.654038,0.801827,1.014028,0.903041,1.539414,1.563753
F8,62,1,2,1.181256,1.151021,1.535286,0.858628,2.094232,3.261563,1.125790,1.020282,1.900242,2.175471,1.304385,0.980194,0.799617,0.826271,1.131511,1.152814,1.219502,0.549350,1.480688,1.994698,2.415903,2.682392,1.011156,0.905971,0.881161,1.558115,1.473485
F8,63,1,2,1.396243,1.118517,3.213256,0.466397,2.306433,3.360902,1.791845,1.104838,3.209547,4.649839,1.106600,0.988921,0.460761,0.838233,1.185276,0.732176,1.357788,0.525011,1.232189,2.270960,3.714452,4.561068,0.618705,1.158297,0.897103,1.448530,1.706976
