Time (s),f3_0hz,f3_4hz,f3_8hz,f3_12hz,f3_16hz,f3_20hz,f3_24hz,f3_28hz,f3_32hz,f3_36hz,f3_40hz,f3_44hz,f3_48hz,f3_52hz,f3_56hz,f3_60hz,f3_64hz,fc5_0hz,fc5_4hz,fc5_8hz,fc5_12hz,fc5_16hz,fc5_20hz,fc5_24hz,fc5_28hz,fc5_32hz,fc5_36hz,fc5_40hz,fc5_44hz,fc5_48hz,fc5_52hz,fc5_56hz,fc5_60hz,fc5_64hz,af3_0hz,af3_4hz,af3_8hz,af3_12hz,af3_16hz,af3_20hz,af3_24hz,af3_28hz,af3_32hz,af3_36hz,af3_40hz,af3_44hz,af3_48hz,af3_52hz,af3_56hz,af3_60hz,af3_64hz,f7_0hz,f7_4hz,f7_8hz,f7_12hz,f7_16hz,f7_20hz,f7_24hz,f7_28hz,f7_32hz,f7_36hz,f7_40hz,f7_44hz,f7_48hz,f7_52hz,f7_56hz,f7_60hz,f7_64hz,t7_0hz,t7_4hz,t7_8hz,t7_12hz,t7_16hz,t7_20hz,t7_24hz,t7_28hz,t7_32hz,t7_36hz,t7_40hz,t7_44hz,t7_48hz,t7_52hz,t7_56hz,t7_60hz,t7_64hz,p7_0hz,p7_4hz,p7_8hz,p7_12hz,p7_16hz,p7_20hz,p7_24hz,p7_28hz,p7_32hz,p7_36hz,p7_40hz,p7_44hz,p7_48hz,p7_52hz,p7_56hz,p7_60hz,p7_64hz,o1_0hz,o1_4hz,o1_8hz,o1_12hz,o1_16hz,o1_20hz,o1_24hz,o1_28hz,o1_32hz,o1_36hz,o1_40hz,o1_44hz,o1_48hz,o1_52hz,o1_56hz,o1_60hz,o1_64hz,o2_0hz,o2_4hz,o2_8hz,o2_12hz,o2_16hz,o2_20hz,o2_24hz,o2_28hz,o2_32hz,o2_36hz,o2_40hz,o2_44hz,o2_48hz,o2_52hz,o2_56hz,o2_60hz,o2_64hz,p8_0hz,p8_4hz,p8_8hz,p8_12hz,p8_16hz,p8_20hz,p8_24hz,p8_28hz,p8_32hz,p8_36hz,p8_40hz,p8_44hz,p8_48hz,p8_52hz,p8_56hz,p8_60hz,p8_64hz,t8_0hz,t8_4hz,t8_8hz,t8_12hz,t8_16hz,t8_20hz,t8_24hz,t8_28hz,t8_32hz,t8_36hz,t8_40hz,t8_44hz,t8_48hz,t8_52hz,t8_56hz,t8_60hz,t8_64hz,f8_0hz,f8_4hz,f8_8hz,f8_12hz,f8_16hz,f8_20hz,f8_24hz,f8_28hz,f8_32hz,f8_36hz,f8_40hz,f8_44hz,f8_48hz,f8_52hz,f8_56hz,f8_60hz,f8_64hz,af4_0hz,af4_4hz,af4_8hz,af4_12hz,af4_16hz,af4_20hz,af4_24hz,af4_28hz,af4_32hz,af4_36hz,af4_40hz,af4_44hz,af4_48hz,af4_52hz,af4_56hz,af4_60hz,af4_64hz,fc6_0hz,fc6_4hz,fc6_8hz,fc6_12hz,fc6_16hz,fc6_20hz,fc6_24hz,fc6_28hz,fc6_32hz,fc6_36hz,fc6_40hz,fc6_44hz,fc6_48hz,fc6_52hz,fc6_56hz,fc6_60hz,fc6_64hz,fc6_0hz,fc6_4hz,fc6_8hz,fc6_12hz,fc6_16hz,fc6_20hz,fc6_24hz,fc6_28hz,fc6_32hz,fc6_36hz,fc6_40hz,fc6_44hz,fc6_48hz,fc6_52hz,fc6_56hz,fc6_60hz,fc6_64hz
4.22162890434,0.0837722424939,0.0621295683036,0.0744706414932,0.074114105909,0.091599922277,0.242121022491,0.38083702092,0.169742787106,0.25429811835,0.300873472085,0.404034817233,0.553810866966,1.11630852169,1.21002442399,1.92402362654,0.823327681405,17.9272727273,0.126384063186,0.2440753389,0.396273965274,0.422968725521,0.305982492394,0.157575757576,0.361614092603,1.26111289159,1.69310561033,2.4839413713,3.25157981803,4.06378538288,5.08146626073,5.03539241641,5.73998553984,8.1263949452,174.884848485,0.214687686032,0.211907536751,0.440961449178,0.503061647495,0.431319392569,0.043703651824,0.986057163237,1.3720570032,2.08836640411,3.13631782379,4.26025727052,5.39375000132,5.85405616835,6.50508418744,6.3615714639,6.56723436044,205.466666667,0.600697964511,1.36655083992,1.99356815427,2.04496787662,1.32791107986,0.168393260479,2.06000772465,5.34331834246,8.61316714263,12.6138633684,16.9213405316,21.1610321034,24.7825652066,27.5848047432,33.1163583084,32.4630667499,877.187878788,0.224916225778,0.5511380576,0.83027319654,0.832072403305,0.580522875056,0.146961886702,0.655331566522,2.11525807446,3.52670261093,5.10240086023,6.79286711718,8.26147813676,10.2572957751,12.2522338035,10.5925841272,12.8638943416,349.6,0.878819604064,2.63773164692,3.66109599988,3.71465075568,2.50417707636,0.27453943401,3.97651273601,9.23480410281,15.5497907625,22.9894254256,30.5733208903,38.5746460531,44.8561473047,52.3949727539,56.8661353262,59.4562123506,1590.03636364,0.439864544429,1.04739060794,1.51566519277,1.54899005207,1.06486010269,0.142906983303,1.51341868045,3.64536500726,6.71013264208,9.86652995416,13.1339526472,16.0813468189,20.1345828522,20.8384947071,24.4181616526,24.1280700254,674.739393939,1.00010281611,2.98763965112,4.05798345351,4.12921268977,2.86875439279,0.0437036518236,4.6261067306,10.1365752337,17.5580432937,25.5596325568,34.1409755186,42.4255472071,50.3931529928,55.3834486535,61.6246408926,64.8169710552,1753.22424242,0.655588682741,1.95248838203,2.70903398679,2.74029963444,1.8993884071,0.160348564308,2.94338754497,6.92696985203,11.4739477144,16.9501520859,22.5387842217,28.5404431651,33.0668123532,38.0928111615,40.8253220493,41.8159395024,1163.55151515,0.315245108238,0.74484010818,1.03352962519,1.0464700575,0.745330719597,0.247522155838,1.01484344849,2.49758145811,4.38394198662,6.49375459945,8.64375342609,10.6618018331,12.3728510967,13.6621160667,14.5371097415,15.0581650457,436.763636364,1.06425700015,2.72725441163,3.89328145984,4.00665727657,2.7914276342,0.336131506033,4.2997972438,9.68575427583,17.0303567177,24.5142073354,32.4152810998,40.5508497443,48.2809525397,54.0318298912,59.3178589806,62.9581384018,1683.93939394,0.397104487902,0.800464264476,1.20182370537,1.23855395591,0.799019219461,0.111092744121,1.29499404206,2.77525437028,5.6981802886,8.02199982126,10.695307177,13.6076026575,16.2885768255,19.3072206806,19.0384565941,20.2512140144,558.872727273,0.128156117467,0.0738622204803,0.186661824856,0.208493684963,0.124454020921,0.0674880528824,0.180979540458,0.620546367153,0.73741155705,1.27819934793,1.49894254275,2.17877261114,3.03492011764,4.36459641083,2.84595038454,2.45460415057,87.7212121212,0.707769886814,1.53483029622,2.33327619634,2.38558892726,1.59722661858,0.400550585258,2.70677458498,5.4936284264,10.27352799,14.851875088,20.0201447887,24.279697244,29.1335519068,33.8021648905,34.9104024579,40.1599122908,1028.76363636
4.47556996346,0.0587628079121,0.0819781031828,0.0748029003136,0.0488613537021,0.0420284088528,0.10567027742,0.386221036166,0.0452374335816,0.152656624647,0.229561302319,0.338959893612,0.883391567876,0.537950975996,0.650301874379,1.75396845523,0.789060893444,16.3515151515,0.0974340863267,0.35306866923,0.442693596659,0.445517108983,0.294516955299,0.123016867455,0.495961637316,1.02706210339,1.94577404052,2.58759619778,3.39793046183,4.3854181372,5.01412036042,6.35521591251,4.47653498853,6.73667597412,174.496969697,0.0825304693709,0.50537784935,0.523808848555,0.526398071125,0.307635744281,0.0737304549127,0.770102151019,1.07931792641,2.22565874308,2.93019588591,3.99987031477,4.72212923255,5.58487894378,5.50207936577,7.28353968335,8.40436690614,203.903030303,0.47752680802,1.53139894072,2.07998947375,2.10850132232,1.46009328381,0.0915131446693,1.97294821416,5.04074972866,9.17197689307,12.743358816,16.8456943093,20.8770278523,25.1991088544,28.1910051375,30.4733465214,34.0400721967,875.781818182,0.226234115493,0.606160316349,0.830851581727,0.864737051348,0.658541005072,0.115628994112,0.940727574218,2.17821040746,3.40320279895,5.09546306818,6.4839724085,8.49227331575,10.031796394,11.1387533105,11.7644997618,14.0562033746,347.515151515,0.968431422322,2.56012285604,3.64392201372,3.73772142505,2.58844634719,0.052835138709,4.11777009124,9.23491717344,16.0375711976,23.0981092752,30.7343015229,38.4594324845,45.6417447566,51.3440918589,57.1466163905,58.8838431506,1591.58787879,0.397720498736,1.1794679971,1.58734878689,1.57205560338,1.04829300657,0.134976105766,1.72974283089,3.90750991487,6.66654817403,9.77910444175,13.1121000234,16.4471857753,18.8677271565,21.7480644017,24.0996896323,24.662678032,676.278787879,1.10680397006,2.77269087413,4.01288170425,4.1047233204,2.80507443822,0.163972718284,4.22627338165,10.5121031108,17.3790749962,25.5148598191,33.9418415496,42.437659276,49.9424900724,56.6404533956,61.8431344886,64.1538015991,1749.78181818,0.728069335125,1.85698454434,2.66454436661,2.72510822666,1.93822485515,0.167956441947,3.06498090008,6.95895632609,11.4041019216,16.9521672623,22.5777680365,28.2949339066,33.4440963287,37.9750173648,40.786306448,42.0843960728,1163.81818182,0.329930328558,0.755732004605,1.02947788579,1.04158774504,0.725937961129,0.24212102249,1.03570371019,2.45239752811,4.32813738824,6.47108745287,8.61918600992,10.5988171045,12.2863643764,13.6010187875,14.5889182169,15.2902935302,436.436363636,0.952680626881,2.87391630323,3.91076822771,3.95317641331,2.67156607012,0.19843279447,3.96927419584,9.71741159143,16.8061763467,24.4293469996,32.5248307764,40.2529920325,48.201367872,54.3185587344,59.1953404079,63.061066583,1680.71515152,0.276450524864,0.9997403583,1.3128653601,1.30496093513,0.859264398531,0.0209945552433,1.44287580306,3.49270999263,5.38235287617,8.06191437463,10.8473344111,13.6748862893,15.5000546796,17.771434328,20.9170149165,21.2177467247,560.654545455,0.0666357936698,0.224297767163,0.229614133593,0.244703773046,0.188310465125,0.0756969454358,0.398073780325,0.825352085651,0.765274783917,1.26440453651,1.721150327,2.10558852028,2.65679981011,3.14767166078,2.84493570309,3.55544341046,87.6,0.552071043591,1.8085218394,2.39181065442,2.4153839598,1.63339445666,0.193939393939,2.59914177467,6.22004043073,10.5501475726,14.9231241598,20.0222478917,25.2744825639,30.3865065235,33.4557220361,37.7617982067,37.0157383407,1034.7030303
4.73739790916,0.0604751741959,0.0274176870223,0.0785402008335,0.109275317863,0.147337818984,0.0629836657298,0.101354769088,0.458201746736,0.273475559848,0.269883324235,0.367066834926,0.479273533876,0.826837986956,0.945074149753,0.28596641591,0.934746894973,17.7090909091,0.150515420994,0.230874196221,0.429000386265,0.438674349967,0.334503923134,0.136599123268,0.212630376179,1.46246668106,1.74408114177,2.5258685728,3.34729871588,4.13423670498,5.11195743159,6.21071513758,5.82295632977,6.03920532448,172.193939394,0.227178775152,0.173435652791,0.417995467697,0.433643917577,0.224953785192,0.448812329251,0.141836650404,1.09335880582,2.30974391276,2.85662883772,3.9073286197,5.20791494957,6.35387840112,7.49885749932,8.95521284001,6.40696061374,206.581818182,0.567147637821,1.37266403556,2.0086055611,2.0844047064,1.51966266671,0.195072447751,2.20862626543,4.96119794574,9.00106026054,12.8420382178,17.0285762144,21.2428592022,24.5691306373,28.3103311698,32.6844221192,30.9278169075,879.006060606,0.24578185977,0.567013117241,0.806058483743,0.848687206778,0.636804105017,0.116892736497,0.890885322349,2.35590325327,3.14327001869,5.13829168508,6.67856094661,8.24289904764,9.71044213614,10.7243669022,12.8242678887,12.6958015444,346.8,0.8851542916,2.65141271286,3.66686490064,3.71930007361,2.57429032318,0.0121212121215,4.09239651635,9.4119339445,15.5446926606,23.1625391354,30.7669125729,38.8623289971,45.0625801262,51.2368081183,56.3573081335,59.3869189689,1592.78787879,0.415230400357,1.05497953258,1.53727187228,1.56779498201,1.02258699508,0.126549169806,1.64608017955,4.33680016437,6.62315975823,9.77812779334,13.2163530432,16.2376996502,19.4880539052,21.0430894026,24.3095947405,24.8738077934,675.733333333,0.974334721058,2.97239707087,4.08087087522,4.12828372668,2.8049060555,0.181818181818,3.96071526771,10.4751845282,17.2916060723,25.5503319481,33.9511316955,42.1680920861,49.8656871128,55.8983644301,62.9464281008,63.9759486457,1751.38181818,0.668783852358,1.95481744435,2.68396601486,2.73259269763,1.86522339655,0.0641394257223,2.88950307296,6.83614464357,11.709862534,16.8261504642,22.5025526414,27.800187725,32.9913570568,37.7381715902,41.4859189486,43.5370179428,1160.31515152,0.257527727348,0.739175748785,1.02087945952,1.02211969542,0.666795467352,0.282452853279,0.958784147972,2.82012778703,4.3305507619,6.32755547379,8.65533125787,10.7329177921,12.8192004204,12.1547204665,18.447491612,17.5564579463,445.236363636,1.05928514695,2.64981512025,3.84587743403,3.96386469323,2.82827089161,0.0641394257233,4.09613522355,9.95679565545,16.887169717,24.5066464047,32.5539978084,40.20578713,48.7141686958,53.3458579018,60.4943294814,62.3568826344,1680.41212121,0.41573714082,0.806170200731,1.28561201314,1.32965760821,0.924037758829,0.328169366562,1.11244098029,3.48763686492,5.80173520655,8.16321973308,10.8772885008,13.637718274,15.7104259967,18.2775791606,19.7234245635,20.7169061994,557.43030303,0.0825805665273,0.0890052021403,0.188278364749,0.213649366084,0.193312148478,0.25309833961,0.518286309332,0.843897390462,0.931474993242,1.21075745238,1.77339828099,2.43961466973,3.66180813218,2.62088297005,2.88579200801,2.80481154774,90.0242424243,0.709060139434,1.52721792343,2.34274433543,2.40713768869,1.67120119606,0.148947948212,2.79192298379,6.07432278321,10.5108819318,14.7549902172,19.8281788692,24.8775724039,29.6619481075,33.1830027792,36.0966225031,40.9323087953,1031.6969697
5.00149893761,0.0302999643599,0.109412397404,0.0979141268031,0.0829127245786,0.112494724242,0.288627415752,0.27040743771,0.437881934481,0.17450353907,0.4608217508,0.635855507548,0.680469103508,0.508348491271,1.02282519068,0.885246433708,0.483971110223,17.6727272727,0.0872952798948,0.364654567109,0.466867480933,0.486882253401,0.402440381526,0.262501913063,0.78042553362,1.03703062622,2.10227386064,2.48645034846,3.20617898362,3.99498452294,5.35079715595,5.33298270815,6.81693911826,8.04350854473,175.36969697,0.133787006403,0.481745068318,0.546518552123,0.55112949236,0.420840987003,0.362016594498,0.401732739401,2.09197091262,2.07698492509,3.0321923042,3.93543654394,5.06858454536,5.63369294856,5.21122769668,6.29837244226,9.15689428182,203.793939394,0.467238025685,1.52643686408,2.07559272849,2.0985528159,1.43473139804,0.0946696930419,2.52564602654,5.13561708608,8.85186112728,12.7090466082,17.0130762719,21.5725988956,24.7763723091,28.5704907876,30.8317121612,32.5526633391,878.412121212,0.205778977949,0.611035791647,0.817079107399,0.834387712825,0.605209995025,0.0121212121216,0.887273710221,2.45401760215,3.46473091781,5.01852250663,6.78010311506,8.36629752068,10.0260646758,11.4978897381,12.1639597391,12.4042149656,347.539393939,0.99620209256,2.54313586864,3.61874263894,3.69661264142,2.52731832103,0.154753276786,3.67851120166,9.23204849647,15.8532402138,23.1293345228,30.7918593874,38.5301096513,44.6674508461,53.0676391866,56.3517171014,58.478495817,1592.23030303,0.381802060568,1.19891750602,1.59833430897,1.61008371269,1.10724506551,0.199540334947,1.63345700323,3.85646857659,6.85322818966,9.90666445758,13.1553746657,16.4088186269,19.0660162281,21.8192736653,23.7670591572,25.1194016259,677.078787879,1.07301556573,2.804959214,4.01131155165,4.10379769175,2.80151157282,0.116892736496,4.29969661374,10.4936768769,17.5345959683,25.4348747195,33.9080689255,42.5639884374,49.5460048331,56.6761361046,62.0765780725,65.9770747665,1751.49090909,0.699820786729,1.86667933902,2.62634295804,2.69478202033,1.86065631938,0.233785472994,3.11401315098,6.65030244427,11.281171817,16.8967734971,22.4825924581,28.0539211786,32.9067074325,37.5574067885,41.3008223486,44.1794477746,1163.38181818,0.275334975838,0.75137111644,1.02715992014,1.06135243697,0.745340752061,0.181008297249,0.996822056479,2.55716423904,4.4566899639,6.35862110239,8.24282661119,10.2865931563,12.3697606136,15.6302151734,14.8057992815,18.950738242,441.587878788,0.928361683082,2.87767882478,3.91688626847,3.98973832472,2.74542774309,0.381962454705,4.31181762266,9.80292409881,16.6203189312,24.4580596514,32.4255577772,40.3580393816,48.6958826867,53.9015256768,59.8068053216,62.0891680708,1680.65454545,0.268909302577,1.05158998636,1.33032813637,1.34257423086,0.951754542917,0.0528351387097,1.34257150758,3.09608784319,5.87632625059,8.22017330302,10.8651609157,13.6450082738,16.5492891507,17.6906481265,19.6531227759,20.5332307914,560.242424242,0.102795569728,0.233693836205,0.248003417554,0.229066634411,0.114263076167,0.0756969454353,0.334308961493,0.433542290743,0.749757622161,1.29905163959,1.61732492386,2.45444003227,2.38771899921,2.39607127724,2.74297086642,4.01607066839,86.8,0.578524423193,1.85868268409,2.46017511994,2.48934220526,1.77804923218,0.18302628934,2.58371174124,6.46093509443,10.1411448334,15.0219176322,19.8105908936,24.8937342917,29.7234076957,34.0257888912,37.4852660626,36.3191683079,1032.14545455
5.25356698036,0.0744768751552,0.0294187022601,0.0399854114059,0.0215833017081,0.0577649846741,0.325923143266,0.433488666362,0.742935448484,0.155481900368,0.16079192572,0.276839616764,0.36844595449,0.65738838338,0.576877453414,2.91118705092,0.974859010672,17.0545454546,0.126253423825,0.254145956284,0.390268804066,0.404358352675,0.276435018449,0.160348564308,0.125653102278,0.99164715704,1.77796004909,2.65082720354,3.34238121581,4.7531465628,5.9812828632,3.9769426901,7.20930415423,5.01359153966,174.315151515,0.239869263586,0.205111999775,0.449023361326,0.500971312191,0.29781402234,0.326823485156,0.508466049639,1.43363321257,2.13886739675,3.11583273825,4.01598739173,5.52475240764,5.05819974841,7.13699418857,8.69774605962,5.50697138722,207.333333333,0.573883369488,1.35171623759,2.00189269738,2.03506887275,1.32533098875,0.181008297249,2.18397797285,4.79381629182,8.64856857151,12.841331514,17.0698682207,21.0124566473,25.2272694092,28.425371265,31.0172555519,31.3427257621,876.060606061,0.219927680209,0.547133347006,0.783241788978,0.805408368515,0.532145881532,0.0915131446693,0.850658578052,1.9674130526,3.46770103748,4.98822324593,6.6729738859,8.40043492929,9.94730208016,10.8986847886,12.580271215,13.4616442589,347.454545455,0.917147848301,2.66163206234,3.6786155031,3.74356762187,2.57835421256,0.105670277419,3.78538777241,9.55094765679,16.0547192629,23.1676153418,30.898448967,38.6254727748,45.5086242627,51.5016450785,55.2996466305,60.2826890907,1593.87878788,0.439913980034,1.03305181538,1.55976958893,1.61156144205,1.13141564546,0.0848484848491,1.77670289507,4.25821068537,6.68359136542,9.79427298373,12.8690639227,16.5914090697,18.9793140087,22.3736371863,23.8945078123,25.0428142332,674.339393939,0.989364114548,2.96394923092,4.04667315282,4.08094715252,2.76640769507,0.368652274564,4.74899127584,9.93114620347,17.3070685193,25.3863420746,33.9501548949,42.2000296514,50.3336130658,56.9174511222,62.3473389191,64.7009743588,1750.73939394,0.681302482325,1.9503294279,2.67451658618,2.70369232752,1.816287756,0.181008297249,2.98050934241,7.09436851656,11.5022799041,16.835885767,22.6476381264,28.0053676648,33.5744451117,36.8572978535,41.0326374945,42.6965563239,1161.26060606,0.270593177243,0.73363198966,1.00249484079,1.0026006282,0.622941417128,0.192418277169,1.30557116355,2.76289236596,4.0363534942,6.28101003217,8.67101487375,10.4334205725,12.6415376471,13.3372139744,16.6865917491,17.5071779714,442.036363636,1.0657149597,2.6771284811,3.86536415546,3.97387306975,2.68372820135,0.21238079355,4.0373584258,9.97515439154,16.7638581971,24.5079888348,32.4634161111,40.4123859351,48.1098266238,53.510447444,59.8034534271,63.0066666153,1679.83030303,0.41311822312,0.800114258909,1.26123336814,1.28459536848,0.922425800542,0.0737304549128,1.55679568189,3.00058236134,5.78461393249,8.01193848691,10.7189013818,13.748958661,15.1746826543,18.9919607576,20.5846635799,21.3350214246,561.078787879,0.0725571135557,0.0988161967757,0.218601054107,0.235178772174,0.121705892774,0.0320697128609,0.365463239272,0.671562727075,0.934707030455,1.20994349066,1.57781137735,2.05251056489,2.68892685626,3.93476736008,4.03662080085,2.32534415479,88.593939394,0.689795497347,1.58424556617,2.38800669205,2.4456370329,1.73277765116,0.340042670039,2.6660571215,5.89061581999,10.8177362459,15.0344852839,19.9801483448,25.5560971148,29.4016198369,31.4189300302,36.8161017351,37.9284904506,1031.32121212
5.50799703598,0.0881459884677,0.0734637525751,0.0704639223914,0.0679793419496,0.123631872557,0.105670277419,0.59609665119,0.396089213427,0.372037516159,0.265730293253,0.238087662565,0.754283103031,1.09235127083,0.825365331669,0.746248551514,2.08088466885,16.5212121212,0.173302958291,0.353854195207,0.445161029809,0.451418728476,0.323964551837,0.0641394257222,0.754315533239,0.981310183138,1.74332206271,2.5246277295,3.31519875858,4.21726908052,5.11071124188,6.32713153824,6.47330598539,5.73796870779,173.757575758,0.0719405954556,0.508446794477,0.525812365213,0.540777697269,0.397268633098,0.286584010122,0.746224257467,1.3965245597,2.44378835211,2.93876386696,3.82537694333,5.26587556411,6.26344878951,6.55489627002,7.02485857413,7.91483196844,205.321212121,0.489477247237,1.5294456033,2.03315051224,2.06254072565,1.41990843404,0.169696969697,2.10598712701,5.17801964499,8.84987742609,12.6996324566,16.8636766118,21.4681835845,25.5284126914,28.3201822807,31.3341657809,30.8371219168,876.557575758,0.176575065973,0.582986866844,0.794192853656,0.815334953557,0.569328533762,0.236596621768,0.504529273388,2.3094871533,3.38795374641,5.09216874222,6.69505456312,8.90342993615,10.235948637,10.2604839774,10.5418007925,13.8337496476,347.381818182,0.985047473851,2.54969999265,3.64689142422,3.71757531293,2.53227663734,0.128278851446,3.91638820378,9.27834502848,15.5612843865,23.1917336355,30.7267593824,38.4345321769,44.9835969736,52.3261743192,56.7451858,58.7765360544,1591.22424242,0.374061442535,1.19136515428,1.5887105725,1.58596140021,1.039305237,0.103563681762,1.60834591752,4.03037101576,6.59266243425,9.77771738346,12.9672182137,16.3648270209,19.0022029646,21.1513044632,24.5454731479,25.1800258512,673.212121212,1.08682533815,2.79917355925,4.02996302812,4.10981968178,2.83515900827,0.163074230874,4.18482325829,10.7217632783,17.2143854556,25.4727007131,33.8703862395,42.4379978445,50.0782693936,56.3646757183,61.4507909537,66.0345217772,1751.36969697,0.69887938169,1.8789457306,2.66085220731,2.71328511523,1.8770426869,0.19393939394,2.73616569758,6.67971702639,11.7367711279,16.8726207513,22.4605604874,28.233631509,33.4357057818,37.0157071463,41.7595898967,42.4838180966,1159.80606061,0.269623606341,0.696039483335,1.01234443605,1.03051547405,0.728237765741,0.335912883892,0.85892140835,2.88576339297,4.63214507386,6.51160640548,8.79715442103,10.8643768307,13.520033151,14.3177114789,15.4794930035,18.0245324366,446.654545455,0.945214881732,2.86802851771,3.91318764638,3.99743421149,2.74739456408,0.234099489888,4.47018577929,9.82744201551,17.0989433669,24.5149701455,32.6829624293,40.7614427455,48.663548023,53.0594461648,59.8040932162,61.7829079856,1681.57575758,0.293596735463,1.04931299707,1.30754197718,1.30556508243,0.905000950902,0.158505416128,1.48118814359,3.5351679813,5.55297876493,8.05182246522,10.7721440971,13.7365621714,16.5538012591,17.3366933142,19.3213609045,21.7888986553,558.763636364,0.0411274767061,0.215657679734,0.261647121877,0.247942994011,0.181650524185,0.127704893975,0.423262196193,0.718148797185,0.989278034674,1.28083235108,1.88072596343,2.38602230899,2.11844886532,2.35201607665,2.81470571513,2.69363506182,85.8909090909,0.585820419845,1.82847799153,2.42414969006,2.43502547682,1.59812836347,0.104972776216,2.63116592518,6.15164976662,10.1277588202,14.8778908445,19.7247415296,24.6686610283,30.3566427889,34.0793609402,36.966964175,38.3880275093,1033.85454545
5.76914596558,0.0755778156716,0.0203003850502,0.0548778013377,0.0669171031176,0.102721921244,0.0242424242428,0.0264260212433,0.152399794933,0.233425546849,0.299882803303,0.417295688148,0.476034432475,0.663830471397,0.851948429502,0.69720823247,0.990479504492,17.8666666667,0.117953358679,0.245079924942,0.384875681732,0.406546142288,0.308156809556,0.235974816169,0.337789006232,1.1636275636,1.61554097356,2.5493114672,3.3525344092,4.28172707395,4.87959398823,6.58091677255,7.05491643752,4.09000704537,175.248484849,0.252165924018,0.201921722597,0.437938283225,0.467375350993,0.288962563513,0.183427223642,0.79597699423,1.48280194946,1.7149317386,2.86916884913,3.78367090154,5.25913132794,6.74481229853,7.13589317009,7.60725261036,6.66269150982,206.024242424,0.606621759637,1.35636542482,1.99107038699,2.058222004,1.39889526175,0.111092744121,2.70888154025,4.64113821655,8.74693812397,12.7445951886,16.9621787322,21.4007482939,24.9204997269,28.5222365577,29.5511446798,33.9287984751,876.727272727,0.217381892901,0.532450474263,0.756412853028,0.769403830068,0.503275057457,0.0946696930407,0.885473269108,1.95307305176,3.27786154519,5.0346041613,6.73687084245,8.74537322108,10.1379179684,10.9574383294,12.2214248326,12.7563090092,348.703030303,0.928162103465,2.6558827217,3.69824268305,3.77348196274,2.60748053501,0.171847840955,3.71837882011,9.16588769135,16.1397703136,23.2550274019,30.9530498599,38.3335762689,45.0578077757,51.3369016454,56.0297445212,59.4365075355,1593.27272727,0.431233622983,1.06156017556,1.56662664747,1.61494158234,1.17912530744,0.0962091385848,1.79068345778,3.89728778728,6.95469348295,9.92190820217,13.1466890786,16.1526039517,19.7479812163,21.6465562805,22.8274763408,25.262336606,676.327272727,1.0037241814,2.95009233233,4.07825819715,4.13767179207,2.89990702417,0.218518259119,4.34685041053,10.1530702108,17.5421166807,25.5347348544,33.903698625,42.1005890422,49.7712971709,57.7742370527,62.9734436781,64.1169690832,1754.60606061,0.67138206053,1.94856302295,2.7131070881,2.76131457979,1.95853298615,0.115628994111,3.0714590899,6.55965824905,11.8424844602,16.9752278072,22.4711671123,28.1552103736,33.1115692425,37.304059615,41.513541111,42.9391976848,1161.86666667,0.257694578754,0.691355856154,0.980954025373,1.01110422532,0.68914837606,0.211340554838,1.08243957315,2.49424885602,4.57461950307,6.40208183197,8.59304919526,10.8280083067,11.3980812059,13.5147215626,17.6368810178,16.1145674595,437.36969697,1.05006765028,2.65810532297,3.82991475479,3.93121582205,2.72391035381,0.171847840955,3.66542963001,10.3472795591,16.9044154363,24.3526413918,32.4876880394,40.7443336755,48.129439905,54.4632512403,61.1199798032,60.2111961687,1679.63636364,0.397005685415,0.805841326177,1.26260574068,1.2897519591,0.860018622294,0.0946696930413,1.31084359732,3.67325238448,5.56809962624,8.01573377416,10.8011096683,13.800566794,15.8693389274,18.9821147626,20.4014313949,19.6622202398,558.460606061,0.137373518373,0.125501757938,0.212938569816,0.226901432532,0.204808042128,0.259121919108,0.421262965701,0.745137698383,0.824357254404,1.30515402156,1.77440914258,2.13409185396,2.36409982121,2.55388493616,3.4271909622,3.49933203967,87.8303030303,0.702411894458,1.54737405257,2.29725717142,2.39279712062,1.65100675829,0.128278851445,2.46155671314,6.10566195531,10.298881244,14.9013921343,19.6817018162,24.8126361792,30.4258567241,33.2237977573,37.17853658,38.7513345808,1032.01212121
6.02575492859,0.0378239982373,0.10881691087,0.0976290861556,0.0710384388404,0.0776163848793,0.178556604396,0.475014216848,0.265155816569,0.0749894915026,0.311863006021,0.418539891754,0.773735143068,1.22981978889,0.774485994366,0.303540434359,1.3428921194,16.1696969697,0.0710260933712,0.32756273738,0.418281347985,0.414516101937,0.227329338329,0.123016867456,0.715862234276,0.922333502274,1.71071983914,2.42440431518,3.27393920466,4.30840981484,4.60232695968,6.25305241197,6.4605352686,7.18382145303,175.612121212,0.0909141248215,0.451569853664,0.532442183684,0.543279552734,0.354946534691,0.107735689906,0.613746313621,1.23104994049,2.06197426836,3.06549998688,3.76385332411,4.65821626844,6.69180893692,7.51847896555,6.76761219026,8.17852251468,206.024242424,0.454362127758,1.53812059053,2.06625822985,2.09609386387,1.42530537734,0.115628994111,2.03743690172,5.16436381549,8.8739509029,12.7852724958,16.9430505289,21.0293868144,25.2919717606,27.6790079422,31.4510260536,32.7149229613,877.393939394,0.194425222673,0.577630116413,0.786712960991,0.797142501029,0.579212681034,0.17607077632,0.738052362089,2.63667211135,3.35296112468,5.00969080311,6.80035338394,8.46614593583,9.43751162226,11.1362451881,13.3878585584,12.9354264898,348.012121212,0.963456655072,2.59019481718,3.67828414898,3.76666656349,2.63331683644,0.115628994112,3.78700977678,9.22206378521,16.1673755896,23.2122335587,30.8660951374,38.5498355438,44.8672683097,51.2357049109,57.1987199161,59.5344369944,1593.00606061,0.343281669308,1.18501587942,1.58464570766,1.60216191281,1.03088930857,0.238452309975,1.69780628255,4.36084413249,6.55610074633,9.80213567864,13.0039686772,16.3889819849,19.5517268625,21.12032485,24.2576949654,25.4671927724,674.654545455,1.11088274394,2.78952316061,4.03021388895,4.12563332463,2.83212410158,0.171847840955,4.63441276255,10.320317609,17.438194278,25.4200156718,33.9344029837,41.9769931699,50.1317589139,56.7287220963,63.1949956734,66.1485110836,1752.50909091,0.704532521102,1.86272776341,2.67553843994,2.72055473132,1.83369550171,0.137670505353,2.8878956069,6.78361527415,11.6335707165,16.8447628701,22.5385574025,28.1756792733,33.2375838184,37.0214890359,41.7202362923,42.8851657493,1161.92727273,0.291870222748,0.734939393126,1.033008791,1.05827065493,0.732102540733,0.123016867455,0.981701115414,2.63643552894,4.41362911202,6.43901342454,8.48140619599,10.5469042836,12.4530542414,13.6556114644,15.6583224566,15.1059416707,435.575757576,0.990387062134,2.85672072777,3.88017128095,3.95008855075,2.65606417149,0.137670505352,4.09017398621,10.1454753862,16.8902712589,24.4109638133,32.6421614996,40.6507191481,48.7681465341,53.9271285576,58.1110521548,62.1512895615,1679.67272727,0.286711806429,1.01968035085,1.34679783078,1.35718419354,0.991489230294,0.0121212121215,1.49939038353,3.42003877719,5.5432091842,8.08271343531,10.6283695286,13.465365888,15.7619310393,17.8584688197,19.3097916763,21.7910995751,557.76969697,0.0442397444118,0.213642754576,0.233985582095,0.232288448961,0.160636394651,0.243331635151,0.63115558342,0.418750953816,0.537553005655,1.24313831531,1.60603071851,1.75584415202,2.92538697608,3.39152778748,2.78778355623,4.09953793098,88.1575757576,0.580838409504,1.79739900964,2.41471295435,2.43425144088,1.67086794369,0.116892736497,2.47486558887,6.50018783127,10.0311623863,14.8975536318,19.6810509631,25.0596251757,29.0511329787,34.4359978895,37.3984341889,39.2131411943,1033.81818182
6.28342199326,0.0394758181235,0.102039592219,0.111292883709,0.0830183222831,0.114735500837,0.246033734911,0.108307422381,0.278904151014,0.41988963085,0.261844487995,0.46105995892,0.300551369942,0.682170084635,1.48643057465,1.82040827322,0.594361192184,16.6060606061,0.184012238408,0.231397002598,0.415021208732,0.44416760689,0.38584445182,0.199540334947,0.362328600074,1.27310361934,1.94546805056,2.65884275059,3.35964771094,4.33205256686,5.12417131604,5.93881291357,7.34018713623,5.09255487482,174.303030303,0.197746587711,0.260404569857,0.465867126353,0.486987353646,0.374807400627,0.262501913064,0.709730548744,1.16393857642,2.11363803202,2.94728478859,3.95838767604,5.52313086947,5.84871973659,5.97722689264,7.39212222403,8.29476649028,206.012121212,0.587443862341,1.38573038178,2.02860097601,2.1237102222,1.50884470861,0.236596621769,2.36656754011,5.35025949303,9.21158600746,12.7027346928,16.9274480408,21.0410753405,24.8492337823,28.3351104391,29.768766386,33.7859710293,874.254545455,0.231629117602,0.568616967472,0.789134688008,0.808965664305,0.555509218805,0.133333333334,0.673012160251,2.30578376043,3.38304665919,5.12421636805,6.73046754023,8.5110884974,10.8050011793,11.0791990938,11.6987948719,13.6448056675,349.515151515,0.921139201867,2.69163238,3.71141333548,3.79583842863,2.62754492608,0.127704893973,4.38382658159,9.18349374196,16.0259337064,23.2177683785,30.8984894892,38.0807374561,45.9867333774,50.1730446053,56.8864337284,59.8350282721,1592.54545455,0.423904883922,1.05465215415,1.53805627407,1.57099523959,1.13414879251,0.107735689906,1.85884398861,3.84936034872,6.84580315504,9.69218013214,13.1673800179,15.5776814457,19.4902455046,21.7808252314,23.81173547,27.0385128215,675.733333333,1.01434988785,2.94687467824,4.07396265565,4.12806313366,2.80627731345,0.207127363523,4.24885812169,10.1700023758,17.6330209855,25.4752975924,33.9716070878,42.3022645872,50.2264801911,56.7106822427,61.2780538378,63.8928656395,1750.99393939,0.668874778778,1.93571932354,2.68779806607,2.72731695336,1.84278442864,0.145454545455,3.21109674174,7.0044266442,11.2757267216,16.8564527693,22.5457446833,28.3123220958,33.7602431983,37.7250517102,40.8700285679,42.1801809717,1161.81818182,0.267407244996,0.732624338206,1.01757356951,1.02909490469,0.694849460432,0.169696969697,0.966032569576,2.42950815663,4.50608829949,6.43158853398,8.64834238789,10.7300251249,11.445832756,13.5290822227,16.6895402635,16.1173767814,437.648484849,1.05358928528,2.68442204791,3.86726372716,3.94989764043,2.71780974065,0.0484848484842,4.58830251026,10.1529577879,16.5980208035,24.4351884494,32.6011075471,41.2174930854,48.0005120158,54.5434702233,58.1167092107,62.3238846237,1681.76969697,0.401541102816,0.832118141515,1.25302056716,1.29057704607,0.822567445314,0.121212121211,1.51443594494,3.26627765451,5.81511274498,8.0713374393,10.9540048992,13.7515715885,16.3019437668,17.2695396368,20.6604238863,20.1509773315,560.060606061,0.106142480983,0.109127047035,0.249562320185,0.252519415722,0.209282386837,0.10567027742,0.188890783498,0.880940501498,1.00248178803,1.30196338562,1.64101665737,2.51293821874,2.80157847781,2.80553075415,3.42410306676,1.74821813181,89.103030303,0.687424614118,1.60206585781,2.33413466791,2.40034189215,1.69571575049,0.0437036518236,2.12841402816,5.89886309649,10.6402114067,15.1281193662,20.0203566677,25.0042262967,29.9084906582,33.9154563776,36.8612759524,37.2807580739,1032.93333333
6.5402469635,0.0368089853733,0.0608947201887,0.0375600758253,0.0337922623737,0.0342244761407,0.170990739148,0.270905234537,0.324063951905,0.505675612658,0.135537051695,0.216373764573,0.690862501776,0.192895261325,0.474799144566,3.70627367136,0.195759317128,16.1212121212,0.0682303155318,0.340746633084,0.4103922378,0.409569526184,0.327962978828,0.267491836251,0.144283308626,0.820896012491,2.04496361071,2.65074959207,3.41025853384,4.83602040323,5.7029008912,5.03098021644,6.42742868736,5.27860945649,174.460606061,0.144448300573,0.490089270476,0.524992924717,0.511595208298,0.326449103927,0.315850041717,0.493603681012,0.970657579501,1.98226356706,3.11395106712,4.09513728615,5.08198296838,5.4562435507,5.9310438876,8.829752935,6.34378194325,207.466666667,0.476230828658,1.54792526833,2.05229060977,2.09269850288,1.43284199286,0.256557702891,2.38956561176,5.04862926409,9.04199316601,12.7919025975,17.1886134069,21.6643956505,24.8781455079,27.8389179885,30.783853093,31.3761163322,878.848484849,0.229770016041,0.57602328831,0.840480610995,0.845503907893,0.563791224787,0.109090909091,0.701057428674,1.89938285364,3.7197641063,5.1015756291,6.86999457123,8.01281532065,9.460629085,11.7995267363,13.1968527093,12.0484226987,348.363636364,0.954894442446,2.5625905545,3.66337143969,3.75388323062,2.54996989457,0.24212102249,3.75058811805,9.10315003596,16.096921257,23.3458846998,30.7039021387,38.6507345537,45.6206740413,52.3715446073,55.2792711147,59.9743467482,1592.4,0.354490588561,1.16854039513,1.56518556031,1.57197897019,1.07093645158,0.266666666666,1.9619374154,3.66869507987,6.61759558944,9.83001918604,13.2468844073,16.5009359313,18.0856221691,22.2173787752,24.0450444296,24.9153417575,676.896969697,1.08498773145,2.81386152783,4.01791898603,4.09644632139,2.85551129786,0.147460909825,4.16221044074,10.2061757218,17.6059971713,25.5622017706,33.9826626592,42.1364217574,50.1470701993,56.8957711063,62.0412341772,64.6283630365,1752.75151515,0.688944890328,1.85175638587,2.68350451214,2.72896614051,1.84905993744,0.202464158648,3.13472321212,6.76781083531,11.462502282,16.8813739003,22.4770727577,27.9576572037,33.1239904216,37.6649551596,41.1717128687,42.5296924832,1159.16363636,0.274910939702,0.728627127824,0.995856903121,1.009045036,0.71840561304,0.213071464622,0.98883249148,2.30655956204,4.3259627817,6.46545563462,8.63014308919,10.5672180697,13.0249987113,14.482869858,15.1812933994,16.6186530818,441.890909091,0.929806831974,2.8290221087,3.90005420075,3.95899959491,2.71400119381,0.0848484848482,4.30785040376,9.90790893753,16.6740203255,24.4527979192,32.7027024421,40.4360471034,47.2408687334,53.6239954556,58.7473433062,64.4581029936,1682.77575758,0.292595688534,1.04303900303,1.36350136091,1.38641731691,0.979565249867,0.0209945552438,1.54338178164,3.26971900035,5.89663723902,8.10939016476,10.9856730666,12.9523117414,15.4706510887,16.8510830303,20.4390391711,21.7059117982,559.054545455,0.0253769479619,0.250905049473,0.241359095243,0.248898192794,0.196890277408,0.0794841033253,0.282779134548,0.864661062424,0.751708511981,1.28110908329,1.63363994178,2.34695132674,2.41161021368,2.73680966186,4.41265126682,2.54826495136,86.993939394,0.567182640744,1.80236417378,2.39729309287,2.42677955897,1.67537800965,0.238760189135,2.66730005419,6.1278048315,10.2976391241,14.8316064104,19.8646932279,25.0074775853,29.4023633605,33.0866695157,38.611524033,37.5946888131,1031.36969697
6.62391495705,0.0920963953455,0.0804769204495,0.0876633676766,0.0761519377168,0.082495090474,0.0915131446702,0.0980267805024,0.135809440542,0.219297434831,0.264026275221,0.445031878013,0.704438518258,0.74495113513,0.751716779316,1.01377252714,1.13141338432,20.9090909091,0.214612456472,0.362755653137,0.439266038851,0.453680536738,0.299883089718,0.170990739148,0.645790799717,1.17871891867,1.65247785172,2.62186942013,3.59115637826,4.54392909259,5.63424750022,5.38994284987,6.12107395177,10.5314137097,189.066666667,0.157644526546,0.364811776499,0.471981989501,0.494618698895,0.322508360868,0.0363636363633,0.519726844776,1.24685983401,2.02362884688,2.99202594534,3.97866819069,4.94076640531,5.90088913931,6.10211557125,6.77960726213,9.56806133397,206.8,0.590061971631,1.4705489129,1.99266853355,2.06455568492,1.37777177301,0.121212121211,2.10607804988,5.36506703132,8.90530417351,12.8284850439,17.1620579092,21.3926982129,25.3754412488,28.2660700661,30.8260171051,34.9728609618,886.56969697,0.218289174424,0.577445762711,0.801467148834,0.82321645733,0.570559490325,0.0946696930412,0.782410277973,1.9186010214,3.5071401342,5.06718285433,6.64318785993,8.34804722916,9.826546242,11.3681703805,12.4054870123,11.5183877198,341.660606061,0.944330765291,2.61891797218,3.67652115593,3.75111926856,2.58532842664,0.127704893974,4.1742183783,9.44705242982,15.7954857908,23.1756581187,30.9141059027,38.5686950429,45.7657880996,51.4529564644,55.9509297,60.3000541122,1597.56363636,0.414213261199,1.10901240099,1.54374276282,1.58837708081,1.10708274248,0.103563681762,1.61160557188,4.02076148516,6.78344594547,9.82788200523,13.0257713932,16.1691081516,19.2598114163,21.8275678088,23.6999459474,25.4233422755,673.696969697,0.997162266085,2.8534169221,4.05080000774,4.10393674964,2.84913990564,0.127704893974,4.61208934445,10.3573823053,17.2839285998,25.3882598358,33.931336513,42.2307384856,49.867072819,56.3811967493,61.6920577798,65.6407823503,1750.8,0.690431351659,1.89966586649,2.67376755747,2.72531222537,1.88972563761,0.0962091385837,2.97961677989,7.00841240966,11.6021226794,16.889182739,22.567113038,28.1153005813,33.4124277445,37.6707811555,40.7843052608,43.7476459385,1164.72727273,0.251256560087,0.709116848428,0.998529392539,1.0173931064,0.70283456527,0.0121212121215,1.09464886466,2.54412595033,4.32783211086,6.31791321374,8.42187557612,10.5016065993,12.393146671,14.1325160975,15.4507851234,15.8782036299,434.16969697,1.02085705976,2.78262901769,3.87739832036,3.95723601391,2.72972187847,0.0874073036472,4.17029322989,9.91910622706,16.859077986,24.5719085292,32.6709516931,40.8711735703,48.4253527619,54.3807231451,59.5267912147,64.6759859533,1690.84848485,0.348113120997,0.945526929088,1.31248817286,1.35566966392,0.971428090956,0.0674880528821,1.36158443,3.34543585664,5.75704692397,8.26413737255,10.9163216994,13.7169681838,15.8904131485,17.2569493916,19.0235356801,21.3545047297,559.515151515,0.117489091848,0.157035323539,0.196992447581,0.220937525877,0.171371905465,0.190499801763,0.0296251935611,0.462770883848,0.90277800275,1.34993735501,1.63033534286,1.9247095816,2.6287575921,2.67951989461,2.22848828432,3.62318658732,85.3696969697,0.659886149795,1.73312068465,2.37003870766,2.44989521696,1.63005937751,0.137670505353,2.67757663676,6.04294874714,10.2298279291,15.0234723916,19.942819705,24.9435549506,29.9883703366,33.9502274095,36.5183509949,38.7435659335,1036.10909091
6.67250704765,0.0125736018457,0.0348760897582,0.0488914301313,0.049898028327,0.0343101193653,6.60878764726e-13,0.0534988921427,0.124924782684,0.211361957938,0.308450980394,0.410717927299,0.511996196147,0.605906901064,0.686359114966,0.748029580612,0.786783151652,21.2,0.115448525393,0.320225914752,0.448912221971,0.458154623665,0.315029277789,6.55615869641e-13,0.491217100567,1.147036641,1.94068706833,2.83214081999,3.77113733251,4.70105598287,5.56332700077,6.30202460116,6.86827160394,7.22409984713,194.654545455,0.124592963042,0.34559034364,0.48446962569,0.494444098806,0.339982091871,6.56112533641e-13,0.53012538576,1.2378910284,2.09440485592,3.05646880574,4.06984127964,5.07341685281,6.00398656519,6.8011948666,7.41229311712,7.79630577562,210.072727273,0.528091274288,1.46479576834,2.05344006479,2.09571718941,1.44102501324,6.35303766211e-13,2.24695346991,5.24684087267,8.87720223337,12.9549411766,17.2501529468,21.5038402385,25.4480898452,28.8270828291,31.4172423864,33.0448923701,890.4,0.201177628191,0.558017435506,0.782262881802,0.798368453096,0.548961909803,6.71425213865e-13,0.85598227425,1.99879652292,3.381791327,4.93521568633,6.57148683686,8.1919391385,9.69451041722,10.9817458397,11.9684732901,12.5885304267,339.2,0.948735406118,2.6315594972,3.68908063587,3.7650330459,2.58885446102,6.2853460224e-13,4.03673458881,9.42614269332,15.9482204625,23.2740285208,30.9905345147,38.6324402554,45.7184298084,51.7889150394,56.4422319929,59.3663650805,1599.63636364,0.400069147049,1.10969376383,1.55563641269,1.58766453742,1.09168561609,6.82176594688e-13,1.7022374772,3.97487944899,6.7251532071,9.81434937623,13.0682976869,16.2907880595,19.2788559433,21.838699113,23.8009412018,25.0340093713,674.545454545,1.0390367279,2.88203323247,4.0402099976,4.12339161292,2.83526350008,6.12242992441e-13,4.42095390509,10.3233297689,17.466183615,25.48926738,33.9402359926,42.3095038459,50.0699430071,56.7182214106,61.8144444356,65.0168986243,1751.89090909,0.691548097257,1.91818493471,2.68902865627,2.74439155755,1.88705656496,6.3112702392e-13,2.94243906774,6.87086304754,11.6249076866,16.9648039218,22.5894860017,28.1597907885,33.3248795592,37.7497513239,41.1416269345,43.2730733418,1166.0,0.257187308947,0.71337456252,1.00005197962,1.02064148835,0.701797896061,6.51910034928e-13,1.09429552106,2.55527964578,4.32331277599,6.309224599,8.40104851303,10.4726494668,12.3935502493,14.0391637155,15.3006050583,16.0932917387,433.636363636,1.00474508672,2.78691662414,3.90686973365,3.98730608114,2.74169044727,6.12918789386e-13,4.27504783561,9.98262581618,16.8897419115,24.6480374334,32.8200961909,40.9131505837,48.4174696405,54.8463329152,59.7743637611,62.8711263925,1694.07272727,0.332628919548,0.922631100849,1.2934005603,1.32002965827,0.907658612238,6.4412707658e-13,1.41528887391,3.30482834188,5.59148452361,8.15993048137,10.8653560768,13.5446266437,16.0289916557,18.1573184054,19.7887825421,20.8139906487,560.836363636,0.0514374618524,0.142674912533,0.200010395937,0.204128297677,0.140359579214,6.59263805592e-13,0.218859104214,0.511055929157,0.864662555198,1.2618449198,1.6802097026,2.09452989336,2.47871004984,2.80783274309,3.06012101165,3.21865834772,86.7272727273,0.61496343195,1.70575784278,2.39123540012,2.44046720325,1.67807674702,6.36273331734e-13,2.61658217925,6.10995755302,10.3375212155,15.0860570412,20.0878404445,25.0412685029,29.6343557071,33.5692003508,36.5854467616,38.4808486907,1036.87272727
6.72073292732,0.0125736018457,0.0348760897582,0.0488914301313,0.049898028327,0.0343101193653,6.60878764726e-13,0.0534988921427,0.124924782684,0.211361957938,0.308450980394,0.410717927299,0.511996196147,0.605906901064,0.686359114966,0.748029580612,0.786783151652,21.2,0.115448525393,0.320225914752,0.448912221971,0.458154623665,0.315029277789,6.55615869641e-13,0.491217100567,1.147036641,1.94068706833,2.83214081999,3.77113733251,4.70105598287,5.56332700077,6.30202460116,6.86827160394,7.22409984713,194.654545455,0.124592963042,0.34559034364,0.48446962569,0.494444098806,0.339982091871,6.56112533641e-13,0.53012538576,1.2378910284,2.09440485592,3.05646880574,4.06984127964,5.07341685281,6.00398656519,6.8011948666,7.41229311712,7.79630577562,210.072727273,0.528091274288,1.46479576834,2.05344006479,2.09571718941,1.44102501324,6.35303766211e-13,2.24695346991,5.24684087267,8.87720223337,12.9549411766,17.2501529468,21.5038402385,25.4480898452,28.8270828291,31.4172423864,33.0448923701,890.4,0.201177628191,0.558017435506,0.782262881802,0.798368453096,0.548961909803,6.71425213865e-13,0.85598227425,1.99879652292,3.381791327,4.93521568633,6.57148683686,8.1919391385,9.69451041722,10.9817458397,11.9684732901,12.5885304267,339.2,0.948735406118,2.6315594972,3.68908063587,3.7650330459,2.58885446102,6.2853460224e-13,4.03673458881,9.42614269332,15.9482204625,23.2740285208,30.9905345147,38.6324402554,45.7184298084,51.7889150394,56.4422319929,59.3663650805,1599.63636364,0.400069147049,1.10969376383,1.55563641269,1.58766453742,1.09168561609,6.82176594688e-13,1.7022374772,3.97487944899,6.7251532071,9.81434937623,13.0682976869,16.2907880595,19.2788559433,21.838699113,23.8009412018,25.0340093713,674.545454545,1.0390367279,2.88203323247,4.0402099976,4.12339161292,2.83526350008,6.12242992441e-13,4.42095390509,10.3233297689,17.466183615,25.48926738,33.9402359926,42.3095038459,50.0699430071,56.7182214106,61.8144444356,65.0168986243,1751.89090909,0.691548097257,1.91818493471,2.68902865627,2.74439155755,1.88705656496,6.3112702392e-13,2.94243906774,6.87086304754,11.6249076866,16.9648039218,22.5894860017,28.1597907885,33.3248795592,37.7497513239,41.1416269345,43.2730733418,1166.0,0.257187308947,0.71337456252,1.00005197962,1.02064148835,0.701797896061,6.51910034928e-13,1.09429552106,2.55527964578,4.32331277599,6.309224599,8.40104851303,10.4726494668,12.3935502493,14.0391637155,15.3006050583,16.0932917387,433.636363636,1.00474508672,2.78691662414,3.90686973365,3.98730608114,2.74169044727,6.12918789386e-13,4.27504783561,9.98262581618,16.8897419115,24.6480374334,32.8200961909,40.9131505837,48.4174696405,54.8463329152,59.7743637611,62.8711263925,1694.07272727,0.332628919548,0.922631100849,1.2934005603,1.32002965827,0.907658612238,6.4412707658e-13,1.41528887391,3.30482834188,5.59148452361,8.15993048137,10.8653560768,13.5446266437,16.0289916557,18.1573184054,19.7887825421,20.8139906487,560.836363636,0.0514374618524,0.142674912533,0.200010395937,0.204128297677,0.140359579214,6.59263805592e-13,0.218859104214,0.511055929157,0.864662555198,1.2618449198,1.6802097026,2.09452989336,2.47871004984,2.80783274309,3.06012101165,3.21865834772,86.7272727273,0.61496343195,1.70575784278,2.39123540012,2.44046720325,1.67807674702,6.36273331734e-13,2.61658217925,6.10995755302,10.3375212155,15.0860570412,20.0878404445,25.0412685029,29.6343557071,33.5692003508,36.5854467616,38.4808486907,1036.87272727
6.76975393295,0.0125736018457,0.0348760897582,0.0488914301313,0.049898028327,0.0343101193653,6.60878764726e-13,0.0534988921427,0.124924782684,0.211361957938,0.308450980394,0.410717927299,0.511996196147,0.605906901064,0.686359114966,0.748029580612,0.786783151652,21.2,0.115448525393,0.320225914752,0.448912221971,0.458154623665,0.315029277789,6.55615869641e-13,0.491217100567,1.147036641,1.94068706833,2.83214081999,3.77113733251,4.70105598287,5.56332700077,6.30202460116,6.86827160394,7.22409984713,194.654545455,0.124592963042,0.34559034364,0.48446962569,0.494444098806,0.339982091871,6.56112533641e-13,0.53012538576,1.2378910284,2.09440485592,3.05646880574,4.06984127964,5.07341685281,6.00398656519,6.8011948666,7.41229311712,7.79630577562,210.072727273,0.528091274288,1.46479576834,2.05344006479,2.09571718941,1.44102501324,6.35303766211e-13,2.24695346991,5.24684087267,8.87720223337,12.9549411766,17.2501529468,21.5038402385,25.4480898452,28.8270828291,31.4172423864,33.0448923701,890.4,0.201177628191,0.558017435506,0.782262881802,0.798368453096,0.548961909803,6.71425213865e-13,0.85598227425,1.99879652292,3.381791327,4.93521568633,6.57148683686,8.1919391385,9.69451041722,10.9817458397,11.9684732901,12.5885304267,339.2,0.948735406118,2.6315594972,3.68908063587,3.7650330459,2.58885446102,6.2853460224e-13,4.03673458881,9.42614269332,15.9482204625,23.2740285208,30.9905345147,38.6324402554,45.7184298084,51.7889150394,56.4422319929,59.3663650805,1599.63636364,0.400069147049,1.10969376383,1.55563641269,1.58766453742,1.09168561609,6.82176594688e-13,1.7022374772,3.97487944899,6.7251532071,9.81434937623,13.0682976869,16.2907880595,19.2788559433,21.838699113,23.8009412018,25.0340093713,674.545454545,1.0390367279,2.88203323247,4.0402099976,4.12339161292,2.83526350008,6.12242992441e-13,4.42095390509,10.3233297689,17.466183615,25.48926738,33.9402359926,42.3095038459,50.0699430071,56.7182214106,61.8144444356,65.0168986243,1751.89090909,0.691548097257,1.91818493471,2.68902865627,2.74439155755,1.88705656496,6.3112702392e-13,2.94243906774,6.87086304754,11.6249076866,16.9648039218,22.5894860017,28.1597907885,33.3248795592,37.7497513239,41.1416269345,43.2730733418,1166.0,0.257187308947,0.71337456252,1.00005197962,1.02064148835,0.701797896061,6.51910034928e-13,1.09429552106,2.55527964578,4.32331277599,6.309224599,8.40104851303,10.4726494668,12.3935502493,14.0391637155,15.3006050583,16.0932917387,433.636363636,1.00474508672,2.78691662414,3.90686973365,3.98730608114,2.74169044727,6.12918789386e-13,4.27504783561,9.98262581618,16.8897419115,24.6480374334,32.8200961909,40.9131505837,48.4174696405,54.8463329152,59.7743637611,62.8711263925,1694.07272727,0.332628919548,0.922631100849,1.2934005603,1.32002965827,0.907658612238,6.4412707658e-13,1.41528887391,3.30482834188,5.59148452361,8.15993048137,10.8653560768,13.5446266437,16.0289916557,18.1573184054,19.7887825421,20.8139906487,560.836363636,0.0514374618524,0.142674912533,0.200010395937,0.204128297677,0.140359579214,6.59263805592e-13,0.218859104214,0.511055929157,0.864662555198,1.2618449198,1.6802097026,2.09452989336,2.47871004984,2.80783274309,3.06012101165,3.21865834772,86.7272727273,0.61496343195,1.70575784278,2.39123540012,2.44046720325,1.67807674702,6.36273331734e-13,2.61658217925,6.10995755302,10.3375212155,15.0860570412,20.0878404445,25.0412685029,29.6343557071,33.5692003508,36.5854467616,38.4808486907,1036.87272727
6.81804609299,0.0125736018457,0.0348760897582,0.0488914301313,0.049898028327,0.0343101193653,6.60878764726e-13,0.0534988921427,0.124924782684,0.211361957938,0.308450980394,0.410717927299,0.511996196147,0.605906901064,0.686359114966,0.748029580612,0.786783151652,21.2,0.115448525393,0.320225914752,0.448912221971,0.458154623665,0.315029277789,6.55615869641e-13,0.491217100567,1.147036641,1.94068706833,2.83214081999,3.77113733251,4.70105598287,5.56332700077,6.30202460116,6.86827160394,7.22409984713,194.654545455,0.124592963042,0.34559034364,0.48446962569,0.494444098806,0.339982091871,6.56112533641e-13,0.53012538576,1.2378910284,2.09440485592,3.05646880574,4.06984127964,5.07341685281,6.00398656519,6.8011948666,7.41229311712,7.79630577562,210.072727273,0.528091274288,1.46479576834,2.05344006479,2.09571718941,1.44102501324,6.35303766211e-13,2.24695346991,5.24684087267,8.87720223337,12.9549411766,17.2501529468,21.5038402385,25.4480898452,28.8270828291,31.4172423864,33.0448923701,890.4,0.201177628191,0.558017435506,0.782262881802,0.798368453096,0.548961909803,6.71425213865e-13,0.85598227425,1.99879652292,3.381791327,4.93521568633,6.57148683686,8.1919391385,9.69451041722,10.9817458397,11.9684732901,12.5885304267,339.2,0.948735406118,2.6315594972,3.68908063587,3.7650330459,2.58885446102,6.2853460224e-13,4.03673458881,9.42614269332,15.9482204625,23.2740285208,30.9905345147,38.6324402554,45.7184298084,51.7889150394,56.4422319929,59.3663650805,1599.63636364,0.400069147049,1.10969376383,1.55563641269,1.58766453742,1.09168561609,6.82176594688e-13,1.7022374772,3.97487944899,6.7251532071,9.81434937623,13.0682976869,16.2907880595,19.2788559433,21.838699113,23.8009412018,25.0340093713,674.545454545,1.0390367279,2.88203323247,4.0402099976,4.12339161292,2.83526350008,6.12242992441e-13,4.42095390509,10.3233297689,17.466183615,25.48926738,33.9402359926,42.3095038459,50.0699430071,56.7182214106,61.8144444356,65.0168986243,1751.89090909,0.691548097257,1.91818493471,2.68902865627,2.74439155755,1.88705656496,6.3112702392e-13,2.94243906774,6.87086304754,11.6249076866,16.9648039218,22.5894860017,28.1597907885,33.3248795592,37.7497513239,41.1416269345,43.2730733418,1166.0,0.257187308947,0.71337456252,1.00005197962,1.02064148835,0.701797896061,6.51910034928e-13,1.09429552106,2.55527964578,4.32331277599,6.309224599,8.40104851303,10.4726494668,12.3935502493,14.0391637155,15.3006050583,16.0932917387,433.636363636,1.00474508672,2.78691662414,3.90686973365,3.98730608114,2.74169044727,6.12918789386e-13,4.27504783561,9.98262581618,16.8897419115,24.6480374334,32.8200961909,40.9131505837,48.4174696405,54.8463329152,59.7743637611,62.8711263925,1694.07272727,0.332628919548,0.922631100849,1.2934005603,1.32002965827,0.907658612238,6.4412707658e-13,1.41528887391,3.30482834188,5.59148452361,8.15993048137,10.8653560768,13.5446266437,16.0289916557,18.1573184054,19.7887825421,20.8139906487,560.836363636,0.0514374618524,0.142674912533,0.200010395937,0.204128297677,0.140359579214,6.59263805592e-13,0.218859104214,0.511055929157,0.864662555198,1.2618449198,1.6802097026,2.09452989336,2.47871004984,2.80783274309,3.06012101165,3.21865834772,86.7272727273,0.61496343195,1.70575784278,2.39123540012,2.44046720325,1.67807674702,6.36273331734e-13,2.61658217925,6.10995755302,10.3375212155,15.0860570412,20.0878404445,25.0412685029,29.6343557071,33.5692003508,36.5854467616,38.4808486907,1036.87272727
6.86606287956,0.0125736018457,0.0348760897582,0.0488914301313,0.049898028327,0.0343101193653,6.60878764726e-13,0.0534988921427,0.124924782684,0.211361957938,0.308450980394,0.410717927299,0.511996196147,0.605906901064,0.686359114966,0.748029580612,0.786783151652,21.2,0.115448525393,0.320225914752,0.448912221971,0.458154623665,0.315029277789,6.55615869641e-13,0.491217100567,1.147036641,1.94068706833,2.83214081999,3.77113733251,4.70105598287,5.56332700077,6.30202460116,6.86827160394,7.22409984713,194.654545455,0.124592963042,0.34559034364,0.48446962569,0.494444098806,0.339982091871,6.56112533641e-13,0.53012538576,1.2378910284,2.09440485592,3.05646880574,4.06984127964,5.07341685281,6.00398656519,6.8011948666,7.41229311712,7.79630577562,210.072727273,0.528091274288,1.46479576834,2.05344006479,2.09571718941,1.44102501324,6.35303766211e-13,2.24695346991,5.24684087267,8.87720223337,12.9549411766,17.2501529468,21.5038402385,25.4480898452,28.8270828291,31.4172423864,33.0448923701,890.4,0.201177628191,0.558017435506,0.782262881802,0.798368453096,0.548961909803,6.71425213865e-13,0.85598227425,1.99879652292,3.381791327,4.93521568633,6.57148683686,8.1919391385,9.69451041722,10.9817458397,11.9684732901,12.5885304267,339.2,0.948735406118,2.6315594972,3.68908063587,3.7650330459,2.58885446102,6.2853460224e-13,4.03673458881,9.42614269332,15.9482204625,23.2740285208,30.9905345147,38.6324402554,45.7184298084,51.7889150394,56.4422319929,59.3663650805,1599.63636364,0.400069147049,1.10969376383,1.55563641269,1.58766453742,1.09168561609,6.82176594688e-13,1.7022374772,3.97487944899,6.7251532071,9.81434937623,13.0682976869,16.2907880595,19.2788559433,21.838699113,23.8009412018,25.0340093713,674.545454545,1.0390367279,2.88203323247,4.0402099976,4.12339161292,2.83526350008,6.12242992441e-13,4.42095390509,10.3233297689,17.466183615,25.48926738,33.9402359926,42.3095038459,50.0699430071,56.7182214106,61.8144444356,65.0168986243,1751.89090909,0.691548097257,1.91818493471,2.68902865627,2.74439155755,1.88705656496,6.3112702392e-13,2.94243906774,6.87086304754,11.6249076866,16.9648039218,22.5894860017,28.1597907885,33.3248795592,37.7497513239,41.1416269345,43.2730733418,1166.0,0.257187308947,0.71337456252,1.00005197962,1.02064148835,0.701797896061,6.51910034928e-13,1.09429552106,2.55527964578,4.32331277599,6.309224599,8.40104851303,10.4726494668,12.3935502493,14.0391637155,15.3006050583,16.0932917387,433.636363636,1.00474508672,2.78691662414,3.90686973365,3.98730608114,2.74169044727,6.12918789386e-13,4.27504783561,9.98262581618,16.8897419115,24.6480374334,32.8200961909,40.9131505837,48.4174696405,54.8463329152,59.7743637611,62.8711263925,1694.07272727,0.332628919548,0.922631100849,1.2934005603,1.32002965827,0.907658612238,6.4412707658e-13,1.41528887391,3.30482834188,5.59148452361,8.15993048137,10.8653560768,13.5446266437,16.0289916557,18.1573184054,19.7887825421,20.8139906487,560.836363636,0.0514374618524,0.142674912533,0.200010395937,0.204128297677,0.140359579214,6.59263805592e-13,0.218859104214,0.511055929157,0.864662555198,1.2618449198,1.6802097026,2.09452989336,2.47871004984,2.80783274309,3.06012101165,3.21865834772,86.7272727273,0.61496343195,1.70575784278,2.39123540012,2.44046720325,1.67807674702,6.36273331734e-13,2.61658217925,6.10995755302,10.3375212155,15.0860570412,20.0878404445,25.0412685029,29.6343557071,33.5692003508,36.5854467616,38.4808486907,1036.87272727
6.91399788857,0.0125736018457,0.0348760897582,0.0488914301313,0.049898028327,0.0343101193653,6.60878764726e-13,0.0534988921427,0.124924782684,0.211361957938,0.308450980394,0.410717927299,0.511996196147,0.605906901064,0.686359114966,0.748029580612,0.786783151652,21.2,0.115448525393,0.320225914752,0.448912221971,0.458154623665,0.315029277789,6.55615869641e-13,0.491217100567,1.147036641,1.94068706833,2.83214081999,3.77113733251,4.70105598287,5.56332700077,6.30202460116,6.86827160394,7.22409984713,194.654545455,0.124592963042,0.34559034364,0.48446962569,0.494444098806,0.339982091871,6.56112533641e-13,0.53012538576,1.2378910284,2.09440485592,3.05646880574,4.06984127964,5.07341685281,6.00398656519,6.8011948666,7.41229311712,7.79630577562,210.072727273,0.528091274288,1.46479576834,2.05344006479,2.09571718941,1.44102501324,6.35303766211e-13,2.24695346991,5.24684087267,8.87720223337,12.9549411766,17.2501529468,21.5038402385,25.4480898452,28.8270828291,31.4172423864,33.0448923701,890.4,0.201177628191,0.558017435506,0.782262881802,0.798368453096,0.548961909803,6.71425213865e-13,0.85598227425,1.99879652292,3.381791327,4.93521568633,6.57148683686,8.1919391385,9.69451041722,10.9817458397,11.9684732901,12.5885304267,339.2,0.948735406118,2.6315594972,3.68908063587,3.7650330459,2.58885446102,6.2853460224e-13,4.03673458881,9.42614269332,15.9482204625,23.2740285208,30.9905345147,38.6324402554,45.7184298084,51.7889150394,56.4422319929,59.3663650805,1599.63636364,0.400069147049,1.10969376383,1.55563641269,1.58766453742,1.09168561609,6.82176594688e-13,1.7022374772,3.97487944899,6.7251532071,9.81434937623,13.0682976869,16.2907880595,19.2788559433,21.838699113,23.8009412018,25.0340093713,674.545454545,1.0390367279,2.88203323247,4.0402099976,4.12339161292,2.83526350008,6.12242992441e-13,4.42095390509,10.3233297689,17.466183615,25.48926738,33.9402359926,42.3095038459,50.0699430071,56.7182214106,61.8144444356,65.0168986243,1751.89090909,0.691548097257,1.91818493471,2.68902865627,2.74439155755,1.88705656496,6.3112702392e-13,2.94243906774,6.87086304754,11.6249076866,16.9648039218,22.5894860017,28.1597907885,33.3248795592,37.7497513239,41.1416269345,43.2730733418,1166.0,0.257187308947,0.71337456252,1.00005197962,1.02064148835,0.701797896061,6.51910034928e-13,1.09429552106,2.55527964578,4.32331277599,6.309224599,8.40104851303,10.4726494668,12.3935502493,14.0391637155,15.3006050583,16.0932917387,433.636363636,1.00474508672,2.78691662414,3.90686973365,3.98730608114,2.74169044727,6.12918789386e-13,4.27504783561,9.98262581618,16.8897419115,24.6480374334,32.8200961909,40.9131505837,48.4174696405,54.8463329152,59.7743637611,62.8711263925,1694.07272727,0.332628919548,0.922631100849,1.2934005603,1.32002965827,0.907658612238,6.4412707658e-13,1.41528887391,3.30482834188,5.59148452361,8.15993048137,10.8653560768,13.5446266437,16.0289916557,18.1573184054,19.7887825421,20.8139906487,560.836363636,0.0514374618524,0.142674912533,0.200010395937,0.204128297677,0.140359579214,6.59263805592e-13,0.218859104214,0.511055929157,0.864662555198,1.2618449198,1.6802097026,2.09452989336,2.47871004984,2.80783274309,3.06012101165,3.21865834772,86.7272727273,0.61496343195,1.70575784278,2.39123540012,2.44046720325,1.67807674702,6.36273331734e-13,2.61658217925,6.10995755302,10.3375212155,15.0860570412,20.0878404445,25.0412685029,29.6343557071,33.5692003508,36.5854467616,38.4808486907,1036.87272727
6.96200704575,0.0125736018457,0.0348760897582,0.0488914301313,0.049898028327,0.0343101193653,6.60878764726e-13,0.0534988921427,0.124924782684,0.211361957938,0.308450980394,0.410717927299,0.511996196147,0.605906901064,0.686359114966,0.748029580612,0.786783151652,21.2,0.115448525393,0.320225914752,0.448912221971,0.458154623665,0.315029277789,6.55615869641e-13,0.491217100567,1.147036641,1.94068706833,2.83214081999,3.77113733251,4.70105598287,5.56332700077,6.30202460116,6.86827160394,7.22409984713,194.654545455,0.124592963042,0.34559034364,0.48446962569,0.494444098806,0.339982091871,6.56112533641e-13,0.53012538576,1.2378910284,2.09440485592,3.05646880574,4.06984127964,5.07341685281,6.00398656519,6.8011948666,7.41229311712,7.79630577562,210.072727273,0.528091274288,1.46479576834,2.05344006479,2.09571718941,1.44102501324,6.35303766211e-13,2.24695346991,5.24684087267,8.87720223337,12.9549411766,17.2501529468,21.5038402385,25.4480898452,28.8270828291,31.4172423864,33.0448923701,890.4,0.201177628191,0.558017435506,0.782262881802,0.798368453096,0.548961909803,6.71425213865e-13,0.85598227425,1.99879652292,3.381791327,4.93521568633,6.57148683686,8.1919391385,9.69451041722,10.9817458397,11.9684732901,12.5885304267,339.2,0.948735406118,2.6315594972,3.68908063587,3.7650330459,2.58885446102,6.2853460224e-13,4.03673458881,9.42614269332,15.9482204625,23.2740285208,30.9905345147,38.6324402554,45.7184298084,51.7889150394,56.4422319929,59.3663650805,1599.63636364,0.400069147049,1.10969376383,1.55563641269,1.58766453742,1.09168561609,6.82176594688e-13,1.7022374772,3.97487944899,6.7251532071,9.81434937623,13.0682976869,16.2907880595,19.2788559433,21.838699113,23.8009412018,25.0340093713,674.545454545,1.0390367279,2.88203323247,4.0402099976,4.12339161292,2.83526350008,6.12242992441e-13,4.42095390509,10.3233297689,17.466183615,25.48926738,33.9402359926,42.3095038459,50.0699430071,56.7182214106,61.8144444356,65.0168986243,1751.89090909,0.691548097257,1.91818493471,2.68902865627,2.74439155755,1.88705656496,6.3112702392e-13,2.94243906774,6.87086304754,11.6249076866,16.9648039218,22.5894860017,28.1597907885,33.3248795592,37.7497513239,41.1416269345,43.2730733418,1166.0,0.257187308947,0.71337456252,1.00005197962,1.02064148835,0.701797896061,6.51910034928e-13,1.09429552106,2.55527964578,4.32331277599,6.309224599,8.40104851303,10.4726494668,12.3935502493,14.0391637155,15.3006050583,16.0932917387,433.636363636,1.00474508672,2.78691662414,3.90686973365,3.98730608114,2.74169044727,6.12918789386e-13,4.27504783561,9.98262581618,16.8897419115,24.6480374334,32.8200961909,40.9131505837,48.4174696405,54.8463329152,59.7743637611,62.8711263925,1694.07272727,0.332628919548,0.922631100849,1.2934005603,1.32002965827,0.907658612238,6.4412707658e-13,1.41528887391,3.30482834188,5.59148452361,8.15993048137,10.8653560768,13.5446266437,16.0289916557,18.1573184054,19.7887825421,20.8139906487,560.836363636,0.0514374618524,0.142674912533,0.200010395937,0.204128297677,0.140359579214,6.59263805592e-13,0.218859104214,0.511055929157,0.864662555198,1.2618449198,1.6802097026,2.09452989336,2.47871004984,2.80783274309,3.06012101165,3.21865834772,86.7272727273,0.61496343195,1.70575784278,2.39123540012,2.44046720325,1.67807674702,6.36273331734e-13,2.61658217925,6.10995755302,10.3375212155,15.0860570412,20.0878404445,25.0412685029,29.6343557071,33.5692003508,36.5854467616,38.4808486907,1036.87272727
7.01365709305,0.0125736018457,0.0348760897582,0.0488914301313,0.049898028327,0.0343101193653,6.60878764726e-13,0.0534988921427,0.124924782684,0.211361957938,0.308450980394,0.410717927299,0.511996196147,0.605906901064,0.686359114966,0.748029580612,0.786783151652,21.2,0.115448525393,0.320225914752,0.448912221971,0.458154623665,0.315029277789,6.55615869641e-13,0.491217100567,1.147036641,1.94068706833,2.83214081999,3.77113733251,4.70105598287,5.56332700077,6.30202460116,6.86827160394,7.22409984713,194.654545455,0.124592963042,0.34559034364,0.48446962569,0.494444098806,0.339982091871,6.56112533641e-13,0.53012538576,1.2378910284,2.09440485592,3.05646880574,4.06984127964,5.07341685281,6.00398656519,6.8011948666,7.41229311712,7.79630577562,210.072727273,0.528091274288,1.46479576834,2.05344006479,2.09571718941,1.44102501324,6.35303766211e-13,2.24695346991,5.24684087267,8.87720223337,12.9549411766,17.2501529468,21.5038402385,25.4480898452,28.8270828291,31.4172423864,33.0448923701,890.4,0.201177628191,0.558017435506,0.782262881802,0.798368453096,0.548961909803,6.71425213865e-13,0.85598227425,1.99879652292,3.381791327,4.93521568633,6.57148683686,8.1919391385,9.69451041722,10.9817458397,11.9684732901,12.5885304267,339.2,0.948735406118,2.6315594972,3.68908063587,3.7650330459,2.58885446102,6.2853460224e-13,4.03673458881,9.42614269332,15.9482204625,23.2740285208,30.9905345147,38.6324402554,45.7184298084,51.7889150394,56.4422319929,59.3663650805,1599.63636364,0.400069147049,1.10969376383,1.55563641269,1.58766453742,1.09168561609,6.82176594688e-13,1.7022374772,3.97487944899,6.7251532071,9.81434937623,13.0682976869,16.2907880595,19.2788559433,21.838699113,23.8009412018,25.0340093713,674.545454545,1.0390367279,2.88203323247,4.0402099976,4.12339161292,2.83526350008,6.12242992441e-13,4.42095390509,10.3233297689,17.466183615,25.48926738,33.9402359926,42.3095038459,50.0699430071,56.7182214106,61.8144444356,65.0168986243,1751.89090909,0.691548097257,1.91818493471,2.68902865627,2.74439155755,1.88705656496,6.3112702392e-13,2.94243906774,6.87086304754,11.6249076866,16.9648039218,22.5894860017,28.1597907885,33.3248795592,37.7497513239,41.1416269345,43.2730733418,1166.0,0.257187308947,0.71337456252,1.00005197962,1.02064148835,0.701797896061,6.51910034928e-13,1.09429552106,2.55527964578,4.32331277599,6.309224599,8.40104851303,10.4726494668,12.3935502493,14.0391637155,15.3006050583,16.0932917387,433.636363636,1.00474508672,2.78691662414,3.90686973365,3.98730608114,2.74169044727,6.12918789386e-13,4.27504783561,9.98262581618,16.8897419115,24.6480374334,32.8200961909,40.9131505837,48.4174696405,54.8463329152,59.7743637611,62.8711263925,1694.07272727,0.332628919548,0.922631100849,1.2934005603,1.32002965827,0.907658612238,6.4412707658e-13,1.41528887391,3.30482834188,5.59148452361,8.15993048137,10.8653560768,13.5446266437,16.0289916557,18.1573184054,19.7887825421,20.8139906487,560.836363636,0.0514374618524,0.142674912533,0.200010395937,0.204128297677,0.140359579214,6.59263805592e-13,0.218859104214,0.511055929157,0.864662555198,1.2618449198,1.6802097026,2.09452989336,2.47871004984,2.80783274309,3.06012101165,3.21865834772,86.7272727273,0.61496343195,1.70575784278,2.39123540012,2.44046720325,1.67807674702,6.36273331734e-13,2.61658217925,6.10995755302,10.3375212155,15.0860570412,20.0878404445,25.0412685029,29.6343557071,33.5692003508,36.5854467616,38.4808486907,1036.87272727
7.06177902222,0.0125736018457,0.0348760897582,0.0488914301313,0.049898028327,0.0343101193653,6.60878764726e-13,0.0534988921427,0.124924782684,0.211361957938,0.308450980394,0.410717927299,0.511996196147,0.605906901064,0.686359114966,0.748029580612,0.786783151652,21.2,0.115448525393,0.320225914752,0.448912221971,0.458154623665,0.315029277789,6.55615869641e-13,0.491217100567,1.147036641,1.94068706833,2.83214081999,3.77113733251,4.70105598287,5.56332700077,6.30202460116,6.86827160394,7.22409984713,194.654545455,0.124592963042,0.34559034364,0.48446962569,0.494444098806,0.339982091871,6.56112533641e-13,0.53012538576,1.2378910284,2.09440485592,3.05646880574,4.06984127964,5.07341685281,6.00398656519,6.8011948666,7.41229311712,7.79630577562,210.072727273,0.528091274288,1.46479576834,2.05344006479,2.09571718941,1.44102501324,6.35303766211e-13,2.24695346991,5.24684087267,8.87720223337,12.9549411766,17.2501529468,21.5038402385,25.4480898452,28.8270828291,31.4172423864,33.0448923701,890.4,0.201177628191,0.558017435506,0.782262881802,0.798368453096,0.548961909803,6.71425213865e-13,0.85598227425,1.99879652292,3.381791327,4.93521568633,6.57148683686,8.1919391385,9.69451041722,10.9817458397,11.9684732901,12.5885304267,339.2,0.948735406118,2.6315594972,3.68908063587,3.7650330459,2.58885446102,6.2853460224e-13,4.03673458881,9.42614269332,15.9482204625,23.2740285208,30.9905345147,38.6324402554,45.7184298084,51.7889150394,56.4422319929,59.3663650805,1599.63636364,0.400069147049,1.10969376383,1.55563641269,1.58766453742,1.09168561609,6.82176594688e-13,1.7022374772,3.97487944899,6.7251532071,9.81434937623,13.0682976869,16.2907880595,19.2788559433,21.838699113,23.8009412018,25.0340093713,674.545454545,1.0390367279,2.88203323247,4.0402099976,4.12339161292,2.83526350008,6.12242992441e-13,4.42095390509,10.3233297689,17.466183615,25.48926738,33.9402359926,42.3095038459,50.0699430071,56.7182214106,61.8144444356,65.0168986243,1751.89090909,0.691548097257,1.91818493471,2.68902865627,2.74439155755,1.88705656496,6.3112702392e-13,2.94243906774,6.87086304754,11.6249076866,16.9648039218,22.5894860017,28.1597907885,33.3248795592,37.7497513239,41.1416269345,43.2730733418,1166.0,0.257187308947,0.71337456252,1.00005197962,1.02064148835,0.701797896061,6.51910034928e-13,1.09429552106,2.55527964578,4.32331277599,6.309224599,8.40104851303,10.4726494668,12.3935502493,14.0391637155,15.3006050583,16.0932917387,433.636363636,1.00474508672,2.78691662414,3.90686973365,3.98730608114,2.74169044727,6.12918789386e-13,4.27504783561,9.98262581618,16.8897419115,24.6480374334,32.8200961909,40.9131505837,48.4174696405,54.8463329152,59.7743637611,62.8711263925,1694.07272727,0.332628919548,0.922631100849,1.2934005603,1.32002965827,0.907658612238,6.4412707658e-13,1.41528887391,3.30482834188,5.59148452361,8.15993048137,10.8653560768,13.5446266437,16.0289916557,18.1573184054,19.7887825421,20.8139906487,560.836363636,0.0514374618524,0.142674912533,0.200010395937,0.204128297677,0.140359579214,6.59263805592e-13,0.218859104214,0.511055929157,0.864662555198,1.2618449198,1.6802097026,2.09452989336,2.47871004984,2.80783274309,3.06012101165,3.21865834772,86.7272727273,0.61496343195,1.70575784278,2.39123540012,2.44046720325,1.67807674702,6.36273331734e-13,2.61658217925,6.10995755302,10.3375212155,15.0860570412,20.0878404445,25.0412685029,29.6343557071,33.5692003508,36.5854467616,38.4808486907,1036.87272727
7.10971903801,0.0125736018457,0.0348760897582,0.0488914301313,0.049898028327,0.0343101193653,6.60878764726e-13,0.0534988921427,0.124924782684,0.211361957938,0.308450980394,0.410717927299,0.511996196147,0.605906901064,0.686359114966,0.748029580612,0.786783151652,21.2,0.115448525393,0.320225914752,0.448912221971,0.458154623665,0.315029277789,6.55615869641e-13,0.491217100567,1.147036641,1.94068706833,2.83214081999,3.77113733251,4.70105598287,5.56332700077,6.30202460116,6.86827160394,7.22409984713,194.654545455,0.124592963042,0.34559034364,0.48446962569,0.494444098806,0.339982091871,6.56112533641e-13,0.53012538576,1.2378910284,2.09440485592,3.05646880574,4.06984127964,5.07341685281,6.00398656519,6.8011948666,7.41229311712,7.79630577562,210.072727273,0.528091274288,1.46479576834,2.05344006479,2.09571718941,1.44102501324,6.35303766211e-13,2.24695346991,5.24684087267,8.87720223337,12.9549411766,17.2501529468,21.5038402385,25.4480898452,28.8270828291,31.4172423864,33.0448923701,890.4,0.201177628191,0.558017435506,0.782262881802,0.798368453096,0.548961909803,6.71425213865e-13,0.85598227425,1.99879652292,3.381791327,4.93521568633,6.57148683686,8.1919391385,9.69451041722,10.9817458397,11.9684732901,12.5885304267,339.2,0.948735406118,2.6315594972,3.68908063587,3.7650330459,2.58885446102,6.2853460224e-13,4.03673458881,9.42614269332,15.9482204625,23.2740285208,30.9905345147,38.6324402554,45.7184298084,51.7889150394,56.4422319929,59.3663650805,1599.63636364,0.400069147049,1.10969376383,1.55563641269,1.58766453742,1.09168561609,6.82176594688e-13,1.7022374772,3.97487944899,6.7251532071,9.81434937623,13.0682976869,16.2907880595,19.2788559433,21.838699113,23.8009412018,25.0340093713,674.545454545,1.0390367279,2.88203323247,4.0402099976,4.12339161292,2.83526350008,6.12242992441e-13,4.42095390509,10.3233297689,17.466183615,25.48926738,33.9402359926,42.3095038459,50.0699430071,56.7182214106,61.8144444356,65.0168986243,1751.89090909,0.691548097257,1.91818493471,2.68902865627,2.74439155755,1.88705656496,6.3112702392e-13,2.94243906774,6.87086304754,11.6249076866,16.9648039218,22.5894860017,28.1597907885,33.3248795592,37.7497513239,41.1416269345,43.2730733418,1166.0,0.257187308947,0.71337456252,1.00005197962,1.02064148835,0.701797896061,6.51910034928e-13,1.09429552106,2.55527964578,4.32331277599,6.309224599,8.40104851303,10.4726494668,12.3935502493,14.0391637155,15.3006050583,16.0932917387,433.636363636,1.00474508672,2.78691662414,3.90686973365,3.98730608114,2.74169044727,6.12918789386e-13,4.27504783561,9.98262581618,16.8897419115,24.6480374334,32.8200961909,40.9131505837,48.4174696405,54.8463329152,59.7743637611,62.8711263925,1694.07272727,0.332628919548,0.922631100849,1.2934005603,1.32002965827,0.907658612238,6.4412707658e-13,1.41528887391,3.30482834188,5.59148452361,8.15993048137,10.8653560768,13.5446266437,16.0289916557,18.1573184054,19.7887825421,20.8139906487,560.836363636,0.0514374618524,0.142674912533,0.200010395937,0.204128297677,0.140359579214,6.59263805592e-13,0.218859104214,0.511055929157,0.864662555198,1.2618449198,1.6802097026,2.09452989336,2.47871004984,2.80783274309,3.06012101165,3.21865834772,86.7272727273,0.61496343195,1.70575784278,2.39123540012,2.44046720325,1.67807674702,6.36273331734e-13,2.61658217925,6.10995755302,10.3375212155,15.0860570412,20.0878404445,25.0412685029,29.6343557071,33.5692003508,36.5854467616,38.4808486907,1036.87272727
7.15773200989,0.0125736018457,0.0348760897582,0.0488914301313,0.049898028327,0.0343101193653,6.60878764726e-13,0.0534988921427,0.124924782684,0.211361957938,0.308450980394,0.410717927299,0.511996196147,0.605906901064,0.686359114966,0.748029580612,0.786783151652,21.2,0.115448525393,0.320225914752,0.448912221971,0.458154623665,0.315029277789,6.55615869641e-13,0.491217100567,1.147036641,1.94068706833,2.83214081999,3.77113733251,4.70105598287,5.56332700077,6.30202460116,6.86827160394,7.22409984713,194.654545455,0.124592963042,0.34559034364,0.48446962569,0.494444098806,0.339982091871,6.56112533641e-13,0.53012538576,1.2378910284,2.09440485592,3.05646880574,4.06984127964,5.07341685281,6.00398656519,6.8011948666,7.41229311712,7.79630577562,210.072727273,0.528091274288,1.46479576834,2.05344006479,2.09571718941,1.44102501324,6.35303766211e-13,2.24695346991,5.24684087267,8.87720223337,12.9549411766,17.2501529468,21.5038402385,25.4480898452,28.8270828291,31.4172423864,33.0448923701,890.4,0.201177628191,0.558017435506,0.782262881802,0.798368453096,0.548961909803,6.71425213865e-13,0.85598227425,1.99879652292,3.381791327,4.93521568633,6.57148683686,8.1919391385,9.69451041722,10.9817458397,11.9684732901,12.5885304267,339.2,0.948735406118,2.6315594972,3.68908063587,3.7650330459,2.58885446102,6.2853460224e-13,4.03673458881,9.42614269332,15.9482204625,23.2740285208,30.9905345147,38.6324402554,45.7184298084,51.7889150394,56.4422319929,59.3663650805,1599.63636364,0.400069147049,1.10969376383,1.55563641269,1.58766453742,1.09168561609,6.82176594688e-13,1.7022374772,3.97487944899,6.7251532071,9.81434937623,13.0682976869,16.2907880595,19.2788559433,21.838699113,23.8009412018,25.0340093713,674.545454545,1.0390367279,2.88203323247,4.0402099976,4.12339161292,2.83526350008,6.12242992441e-13,4.42095390509,10.3233297689,17.466183615,25.48926738,33.9402359926,42.3095038459,50.0699430071,56.7182214106,61.8144444356,65.0168986243,1751.89090909,0.691548097257,1.91818493471,2.68902865627,2.74439155755,1.88705656496,6.3112702392e-13,2.94243906774,6.87086304754,11.6249076866,16.9648039218,22.5894860017,28.1597907885,33.3248795592,37.7497513239,41.1416269345,43.2730733418,1166.0,0.257187308947,0.71337456252,1.00005197962,1.02064148835,0.701797896061,6.51910034928e-13,1.09429552106,2.55527964578,4.32331277599,6.309224599,8.40104851303,10.4726494668,12.3935502493,14.0391637155,15.3006050583,16.0932917387,433.636363636,1.00474508672,2.78691662414,3.90686973365,3.98730608114,2.74169044727,6.12918789386e-13,4.27504783561,9.98262581618,16.8897419115,24.6480374334,32.8200961909,40.9131505837,48.4174696405,54.8463329152,59.7743637611,62.8711263925,1694.07272727,0.332628919548,0.922631100849,1.2934005603,1.32002965827,0.907658612238,6.4412707658e-13,1.41528887391,3.30482834188,5.59148452361,8.15993048137,10.8653560768,13.5446266437,16.0289916557,18.1573184054,19.7887825421,20.8139906487,560.836363636,0.0514374618524,0.142674912533,0.200010395937,0.204128297677,0.140359579214,6.59263805592e-13,0.218859104214,0.511055929157,0.864662555198,1.2618449198,1.6802097026,2.09452989336,2.47871004984,2.80783274309,3.06012101165,3.21865834772,86.7272727273,0.61496343195,1.70575784278,2.39123540012,2.44046720325,1.67807674702,6.36273331734e-13,2.61658217925,6.10995755302,10.3375212155,15.0860570412,20.0878404445,25.0412685029,29.6343557071,33.5692003508,36.5854467616,38.4808486907,1036.87272727
7.20645594597,0.0125736018457,0.0348760897582,0.0488914301313,0.049898028327,0.0343101193653,6.60878764726e-13,0.0534988921427,0.124924782684,0.211361957938,0.308450980394,0.410717927299,0.511996196147,0.605906901064,0.686359114966,0.748029580612,0.786783151652,21.2,0.115448525393,0.320225914752,0.448912221971,0.458154623665,0.315029277789,6.55615869641e-13,0.491217100567,1.147036641,1.94068706833,2.83214081999,3.77113733251,4.70105598287,5.56332700077,6.30202460116,6.86827160394,7.22409984713,194.654545455,0.124592963042,0.34559034364,0.48446962569,0.494444098806,0.339982091871,6.56112533641e-13,0.53012538576,1.2378910284,2.09440485592,3.05646880574,4.06984127964,5.07341685281,6.00398656519,6.8011948666,7.41229311712,7.79630577562,210.072727273,0.528091274288,1.46479576834,2.05344006479,2.09571718941,1.44102501324,6.35303766211e-13,2.24695346991,5.24684087267,8.87720223337,12.9549411766,17.2501529468,21.5038402385,25.4480898452,28.8270828291,31.4172423864,33.0448923701,890.4,0.201177628191,0.558017435506,0.782262881802,0.798368453096,0.548961909803,6.71425213865e-13,0.85598227425,1.99879652292,3.381791327,4.93521568633,6.57148683686,8.1919391385,9.69451041722,10.9817458397,11.9684732901,12.5885304267,339.2,0.948735406118,2.6315594972,3.68908063587,3.7650330459,2.58885446102,6.2853460224e-13,4.03673458881,9.42614269332,15.9482204625,23.2740285208,30.9905345147,38.6324402554,45.7184298084,51.7889150394,56.4422319929,59.3663650805,1599.63636364,0.400069147049,1.10969376383,1.55563641269,1.58766453742,1.09168561609,6.82176594688e-13,1.7022374772,3.97487944899,6.7251532071,9.81434937623,13.0682976869,16.2907880595,19.2788559433,21.838699113,23.8009412018,25.0340093713,674.545454545,1.0390367279,2.88203323247,4.0402099976,4.12339161292,2.83526350008,6.12242992441e-13,4.42095390509,10.3233297689,17.466183615,25.48926738,33.9402359926,42.3095038459,50.0699430071,56.7182214106,61.8144444356,65.0168986243,1751.89090909,0.691548097257,1.91818493471,2.68902865627,2.74439155755,1.88705656496,6.3112702392e-13,2.94243906774,6.87086304754,11.6249076866,16.9648039218,22.5894860017,28.1597907885,33.3248795592,37.7497513239,41.1416269345,43.2730733418,1166.0,0.257187308947,0.71337456252,1.00005197962,1.02064148835,0.701797896061,6.51910034928e-13,1.09429552106,2.55527964578,4.32331277599,6.309224599,8.40104851303,10.4726494668,12.3935502493,14.0391637155,15.3006050583,16.0932917387,433.636363636,1.00474508672,2.78691662414,3.90686973365,3.98730608114,2.74169044727,6.12918789386e-13,4.27504783561,9.98262581618,16.8897419115,24.6480374334,32.8200961909,40.9131505837,48.4174696405,54.8463329152,59.7743637611,62.8711263925,1694.07272727,0.332628919548,0.922631100849,1.2934005603,1.32002965827,0.907658612238,6.4412707658e-13,1.41528887391,3.30482834188,5.59148452361,8.15993048137,10.8653560768,13.5446266437,16.0289916557,18.1573184054,19.7887825421,20.8139906487,560.836363636,0.0514374618524,0.142674912533,0.200010395937,0.204128297677,0.140359579214,6.59263805592e-13,0.218859104214,0.511055929157,0.864662555198,1.2618449198,1.6802097026,2.09452989336,2.47871004984,2.80783274309,3.06012101165,3.21865834772,86.7272727273,0.61496343195,1.70575784278,2.39123540012,2.44046720325,1.67807674702,6.36273331734e-13,2.61658217925,6.10995755302,10.3375212155,15.0860570412,20.0878404445,25.0412685029,29.6343557071,33.5692003508,36.5854467616,38.4808486907,1036.87272727
7.25501704216,0.0125736018457,0.0348760897582,0.0488914301313,0.049898028327,0.0343101193653,6.60878764726e-13,0.0534988921427,0.124924782684,0.211361957938,0.308450980394,0.410717927299,0.511996196147,0.605906901064,0.686359114966,0.748029580612,0.786783151652,21.2,0.115448525393,0.320225914752,0.448912221971,0.458154623665,0.315029277789,6.55615869641e-13,0.491217100567,1.147036641,1.94068706833,2.83214081999,3.77113733251,4.70105598287,5.56332700077,6.30202460116,6.86827160394,7.22409984713,194.654545455,0.124592963042,0.34559034364,0.48446962569,0.494444098806,0.339982091871,6.56112533641e-13,0.53012538576,1.2378910284,2.09440485592,3.05646880574,4.06984127964,5.07341685281,6.00398656519,6.8011948666,7.41229311712,7.79630577562,210.072727273,0.528091274288,1.46479576834,2.05344006479,2.09571718941,1.44102501324,6.35303766211e-13,2.24695346991,5.24684087267,8.87720223337,12.9549411766,17.2501529468,21.5038402385,25.4480898452,28.8270828291,31.4172423864,33.0448923701,890.4,0.201177628191,0.558017435506,0.782262881802,0.798368453096,0.548961909803,6.71425213865e-13,0.85598227425,1.99879652292,3.381791327,4.93521568633,6.57148683686,8.1919391385,9.69451041722,10.9817458397,11.9684732901,12.5885304267,339.2,0.948735406118,2.6315594972,3.68908063587,3.7650330459,2.58885446102,6.2853460224e-13,4.03673458881,9.42614269332,15.9482204625,23.2740285208,30.9905345147,38.6324402554,45.7184298084,51.7889150394,56.4422319929,59.3663650805,1599.63636364,0.400069147049,1.10969376383,1.55563641269,1.58766453742,1.09168561609,6.82176594688e-13,1.7022374772,3.97487944899,6.7251532071,9.81434937623,13.0682976869,16.2907880595,19.2788559433,21.838699113,23.8009412018,25.0340093713,674.545454545,1.0390367279,2.88203323247,4.0402099976,4.12339161292,2.83526350008,6.12242992441e-13,4.42095390509,10.3233297689,17.466183615,25.48926738,33.9402359926,42.3095038459,50.0699430071,56.7182214106,61.8144444356,65.0168986243,1751.89090909,0.691548097257,1.91818493471,2.68902865627,2.74439155755,1.88705656496,6.3112702392e-13,2.94243906774,6.87086304754,11.6249076866,16.9648039218,22.5894860017,28.1597907885,33.3248795592,37.7497513239,41.1416269345,43.2730733418,1166.0,0.257187308947,0.71337456252,1.00005197962,1.02064148835,0.701797896061,6.51910034928e-13,1.09429552106,2.55527964578,4.32331277599,6.309224599,8.40104851303,10.4726494668,12.3935502493,14.0391637155,15.3006050583,16.0932917387,433.636363636,1.00474508672,2.78691662414,3.90686973365,3.98730608114,2.74169044727,6.12918789386e-13,4.27504783561,9.98262581618,16.8897419115,24.6480374334,32.8200961909,40.9131505837,48.4174696405,54.8463329152,59.7743637611,62.8711263925,1694.07272727,0.332628919548,0.922631100849,1.2934005603,1.32002965827,0.907658612238,6.4412707658e-13,1.41528887391,3.30482834188,5.59148452361,8.15993048137,10.8653560768,13.5446266437,16.0289916557,18.1573184054,19.7887825421,20.8139906487,560.836363636,0.0514374618524,0.142674912533,0.200010395937,0.204128297677,0.140359579214,6.59263805592e-13,0.218859104214,0.511055929157,0.864662555198,1.2618449198,1.6802097026,2.09452989336,2.47871004984,2.80783274309,3.06012101165,3.21865834772,86.7272727273,0.61496343195,1.70575784278,2.39123540012,2.44046720325,1.67807674702,6.36273331734e-13,2.61658217925,6.10995755302,10.3375212155,15.0860570412,20.0878404445,25.0412685029,29.6343557071,33.5692003508,36.5854467616,38.4808486907,1036.87272727
7.30285787582,0.0125736018457,0.0348760897582,0.0488914301313,0.049898028327,0.0343101193653,6.60878764726e-13,0.0534988921427,0.124924782684,0.211361957938,0.308450980394,0.410717927299,0.511996196147,0.605906901064,0.686359114966,0.748029580612,0.786783151652,21.2,0.115448525393,0.320225914752,0.448912221971,0.458154623665,0.315029277789,6.55615869641e-13,0.491217100567,1.147036641,1.94068706833,2.83214081999,3.77113733251,4.70105598287,5.56332700077,6.30202460116,6.86827160394,7.22409984713,194.654545455,0.124592963042,0.34559034364,0.48446962569,0.494444098806,0.339982091871,6.56112533641e-13,0.53012538576,1.2378910284,2.09440485592,3.05646880574,4.06984127964,5.07341685281,6.00398656519,6.8011948666,7.41229311712,7.79630577562,210.072727273,0.528091274288,1.46479576834,2.05344006479,2.09571718941,1.44102501324,6.35303766211e-13,2.24695346991,5.24684087267,8.87720223337,12.9549411766,17.2501529468,21.5038402385,25.4480898452,28.8270828291,31.4172423864,33.0448923701,890.4,0.201177628191,0.558017435506,0.782262881802,0.798368453096,0.548961909803,6.71425213865e-13,0.85598227425,1.99879652292,3.381791327,4.93521568633,6.57148683686,8.1919391385,9.69451041722,10.9817458397,11.9684732901,12.5885304267,339.2,0.948735406118,2.6315594972,3.68908063587,3.7650330459,2.58885446102,6.2853460224e-13,4.03673458881,9.42614269332,15.9482204625,23.2740285208,30.9905345147,38.6324402554,45.7184298084,51.7889150394,56.4422319929,59.3663650805,1599.63636364,0.400069147049,1.10969376383,1.55563641269,1.58766453742,1.09168561609,6.82176594688e-13,1.7022374772,3.97487944899,6.7251532071,9.81434937623,13.0682976869,16.2907880595,19.2788559433,21.838699113,23.8009412018,25.0340093713,674.545454545,1.0390367279,2.88203323247,4.0402099976,4.12339161292,2.83526350008,6.12242992441e-13,4.42095390509,10.3233297689,17.466183615,25.48926738,33.9402359926,42.3095038459,50.0699430071,56.7182214106,61.8144444356,65.0168986243,1751.89090909,0.691548097257,1.91818493471,2.68902865627,2.74439155755,1.88705656496,6.3112702392e-13,2.94243906774,6.87086304754,11.6249076866,16.9648039218,22.5894860017,28.1597907885,33.3248795592,37.7497513239,41.1416269345,43.2730733418,1166.0,0.257187308947,0.71337456252,1.00005197962,1.02064148835,0.701797896061,6.51910034928e-13,1.09429552106,2.55527964578,4.32331277599,6.309224599,8.40104851303,10.4726494668,12.3935502493,14.0391637155,15.3006050583,16.0932917387,433.636363636,1.00474508672,2.78691662414,3.90686973365,3.98730608114,2.74169044727,6.12918789386e-13,4.27504783561,9.98262581618,16.8897419115,24.6480374334,32.8200961909,40.9131505837,48.4174696405,54.8463329152,59.7743637611,62.8711263925,1694.07272727,0.332628919548,0.922631100849,1.2934005603,1.32002965827,0.907658612238,6.4412707658e-13,1.41528887391,3.30482834188,5.59148452361,8.15993048137,10.8653560768,13.5446266437,16.0289916557,18.1573184054,19.7887825421,20.8139906487,560.836363636,0.0514374618524,0.142674912533,0.200010395937,0.204128297677,0.140359579214,6.59263805592e-13,0.218859104214,0.511055929157,0.864662555198,1.2618449198,1.6802097026,2.09452989336,2.47871004984,2.80783274309,3.06012101165,3.21865834772,86.7272727273,0.61496343195,1.70575784278,2.39123540012,2.44046720325,1.67807674702,6.36273331734e-13,2.61658217925,6.10995755302,10.3375212155,15.0860570412,20.0878404445,25.0412685029,29.6343557071,33.5692003508,36.5854467616,38.4808486907,1036.87272727
